date,min,max,pm25,q1,q3,stdev,count
2020-12-31T00:00:00.000Z,3.97,250.73,17.77,8.02,32.35,33.699,139
2021-01-01T00:00:00.000Z,2.52,122,6.07,3.9,27.85,30.439,295
2021-01-02T00:00:00.000Z,1.3,22.1,3.4,2.31,5.17,2.329,269
2021-01-03T00:00:00.000Z,1.4,23.13,2.85,2.27,3.47,1.748,246
2021-01-04T00:00:00.000Z,0.95,16.55,2.72,1.84,5.56,2.545,241
2021-01-05T00:00:00.000Z,1.2,37.29,4.11,2.45,6.88,4.563,262
2021-01-06T00:00:00.000Z,1.2,70.84,3.42,1.98,19.88,10.556,243
2021-01-07T00:00:00.000Z,2.38,26.45,9.07,6.49,13.98,4.967,264
2021-01-08T00:00:00.000Z,5.63,32.67,10.9,9.22,13.14,3.262,284
2021-01-09T00:00:00.000Z,4,17.77,8.27,6.65,10.65,2.789,283
2021-01-10T00:00:00.000Z,2.4,37.88,4.5,3.55,5.72,2.767,282
2021-01-11T00:00:00.000Z,3.72,29,5.7,4.9,9.51,3.262,257
2021-01-12T00:00:00.000Z,3.17,108.57,10.7,8.99,13.03,9.597,269
2021-01-13T00:00:00.000Z,3.6,83.32,16.92,10.45,22.45,10.443,226
2021-01-14T00:00:00.000Z,4.13,59.05,15.49,10.31,19.95,8.423,244
2021-01-15T00:00:00.000Z,2.67,35.13,6.28,4.21,8.36,9.312,264
2021-01-16T00:00:00.000Z,1.63,13.8,2.7,2.2,7.47,3.051,223
2021-01-17T00:00:00.000Z,5.13,40.92,10.55,9.03,14.5,8.025,241
2021-01-18T00:00:00.000Z,2.29,42.42,10.74,6.57,13.4,8.345,234
2021-01-19T00:00:00.000Z,3.92,28.17,13.4,8.93,17.01,5.94,201
2021-01-20T00:00:00.000Z,2.92,24.75,8.13,5.15,10.95,5.087,259
2021-01-21T00:00:00.000Z,3.58,118.3,6.07,5.09,7.2,8.926,239
2021-01-22T00:00:00.000Z,2.27,34.92,6.6,5.35,7.84,3.334,248
2021-01-23T00:00:00.000Z,1.7,55.97,4.23,3.5,5.14,4.204,248
2021-01-24T00:00:00.000Z,1.27,12.57,2.92,2.42,3.92,2.15,258
2021-01-25T00:00:00.000Z,1.45,45.9,4.59,3.4,6.1,4.613,231
2021-01-26T00:00:00.000Z,1.85,35.53,4.25,2.72,5.85,5.484,247
2021-01-27T00:00:00.000Z,2.35,69.65,12.02,7.8,17.23,7.698,227
2021-01-28T00:00:00.000Z,2.67,99.18,10.45,7.3,14.37,9.43,277
2021-01-29T00:00:00.000Z,4.38,42.53,10.02,8.1,13.61,4.369,213
2021-01-30T00:00:00.000Z,2.7,182,7.46,5.38,11.23,14.66,250
2021-01-31T00:00:00.000Z,1.58,74.18,4.46,3.2,6.82,10.977,262
2021-02-01T00:00:00.000Z,2.4,53.95,7.62,3.7,10.62,5.661,216
2021-02-02T00:00:00.000Z,2.6,108.57,16.3,9.88,22.7,12.886,242
2021-02-03T00:00:00.000Z,2.85,36.97,7.6,5.69,13.79,7.758,141
2021-02-04T00:00:00.000Z,2.63,87.45,10,6.38,15.05,8.94,267
2021-02-05T00:00:00.000Z,3.78,112.1,14.96,10.85,20.38,11.161,238
2021-02-06T00:00:00.000Z,2.88,71.68,7.43,5.07,10.98,8.397,242
2021-02-07T00:00:00.000Z,2.04,52.85,4.55,3.65,7.8,4.388,239
2021-02-08T00:00:00.000Z,1.95,39.22,3.15,2.83,3.55,3.1,260
2021-02-09T00:00:00.000Z,1,41.2,3.39,2.47,4.43,3.869,236
2021-02-10T00:00:00.000Z,1.75,37.33,5.39,4.57,6.63,3.433,242
2021-02-11T00:00:00.000Z,2.85,134.44,12.99,7.23,16.48,10.26,220
2021-02-12T00:00:00.000Z,4.22,53.3,8.03,6.72,12.55,6.246,258
2021-02-13T00:00:00.000Z,1.1,11.77,2.19,1.5,3.95,1.831,250
2021-02-14T00:00:00.000Z,1.75,5.93,2.83,2.6,3.3,0.667,243
2021-02-15T00:00:00.000Z,1.55,16.55,2.72,2.17,7.05,3.869,245
2021-02-16T00:00:00.000Z,3.9,29.52,12.15,8.63,17,5.996,235
2021-02-17T00:00:00.000Z,1.6,156.65,15.02,5.14,21.47,15.169,232
2021-02-18T00:00:00.000Z,3.4,214.47,11.34,8.35,21.98,16.464,264
2021-02-19T00:00:00.000Z,3.4,115.45,19.67,7.09,24.23,12.897,233
2021-02-20T00:00:00.000Z,3.85,42.83,14.02,5.43,20.05,10.292,238
2021-02-21T00:00:00.000Z,8.8,75.63,21.6,14.57,23.7,8.498,205
2021-03-03T00:00:00.000Z,8.57,60.4,18.75,13.15,30.13,12.011,115
2021-03-04T00:00:00.000Z,5.85,79.68,27.97,11.93,37.9,15.867,230
2021-03-05T00:00:00.000Z,8.82,376.33,21.5,13.73,27.73,27.454,246
2021-03-06T00:00:00.000Z,7.25,62.97,22.65,13.58,31.69,9.998,237
2021-03-07T00:00:00.000Z,6.2,54.55,11.19,8.3,20.2,9.939,270
2021-03-08T00:00:00.000Z,3.5,243.57,7.72,5.5,9.88,16.009,241
2021-03-09T00:00:00.000Z,2.25,17.13,4.38,3.6,6.28,3.015,250
2021-03-10T00:00:00.000Z,2.42,39.22,6.5,5,8.57,3.962,231
2021-03-11T00:00:00.000Z,3.35,78.31,8.73,6.07,9.99,5.411,245
2021-03-12T00:00:00.000Z,3.67,53.35,5.68,5.09,6.57,3.925,246
2021-03-13T00:00:00.000Z,2.67,42.25,5.47,4.34,6.15,5.021,245
2021-03-14T00:00:00.000Z,1.23,28.55,3.63,2.65,4.2,2.073,239
2021-03-15T00:00:00.000Z,0.9,43.58,1.8,1.3,4.8,6.931,219
2021-03-16T00:00:00.000Z,1.7,34.13,7.4,4.75,9.61,4.965,228
2021-03-17T00:00:00.000Z,1.23,69.95,6.88,3.8,10.45,7.538,254
2021-03-18T00:00:00.000Z,1.6,144.15,6.32,2.88,9.27,10.866,236
2021-03-19T00:00:00.000Z,3.25,190.52,6.3,4.96,10.56,15.017,224
2021-03-20T00:00:00.000Z,2.33,9.9,4.68,3.78,5.55,1.306,225
2021-03-21T00:00:00.000Z,2.29,14.55,4.13,3.53,6.02,1.625,209
2021-03-22T00:00:00.000Z,1.6,12.15,3.13,2.4,4.65,1.46,224
2021-03-23T00:00:00.000Z,1.4,11.3,2.67,2.1,3.72,1.411,290
2021-03-24T00:00:00.000Z,1.98,35.92,3.9,3.42,5.07,4.199,175
2021-03-25T00:00:00.000Z,3.95,232.9,10.61,7.18,16.12,26.832,204
2021-03-26T00:00:00.000Z,2.63,39.4,15.2,5.15,24,9.9,167
2021-03-27T00:00:00.000Z,3.25,71.68,17.64,5.93,22.5,10.061,157
2021-03-28T00:00:00.000Z,4.09,92.7,11.6,8,24.75,16.258,106
2021-03-29T00:00:00.000Z,4.2,97.8,17.07,6.97,21.83,12.598,188
2021-03-30T00:00:00.000Z,3.38,92.82,11.5,7.89,16.8,8.15,209
2021-03-31T00:00:00.000Z,2.35,111.57,14.73,7.57,20.04,12.925,192
2021-04-01T00:00:00.000Z,4.55,121.38,14.45,7.62,35.09,15.332,173
2021-04-02T00:00:00.000Z,4.3,40.5,19.95,9.3,26.85,10.319,201
2021-04-03T00:00:00.000Z,2.29,30.13,8.03,5.8,17.17,6.358,210
2021-04-04T00:00:00.000Z,1.42,60.72,2.83,2.29,3.72,8.983,198
2021-04-05T00:00:00.000Z,1.9,10.93,2.9,2.5,3.25,1.854,142
2021-04-06T00:00:00.000Z,0.8,48.58,5.73,3.67,7.32,4.52,244
2021-04-07T00:00:00.000Z,0.9,6.68,1.7,1.33,2.27,0.893,163
2021-04-08T00:00:00.000Z,1.6,40.03,3.33,2.35,5.9,5.801,186
2021-04-09T00:00:00.000Z,1.12,112.25,5.79,3.04,7.67,12.916,184
2021-04-10T00:00:00.000Z,1.9,96.57,4.57,3.29,5.66,9.315,165
2021-04-11T00:00:00.000Z,1.9,28.77,4.53,3.17,7.38,5.407,99
2021-04-12T00:00:00.000Z,2.72,23.77,6.82,5,12.63,5.485,79
2021-04-13T00:00:00.000Z,1.7,44.22,3.88,2.8,4.82,4.654,115
2021-04-14T00:00:00.000Z,1.4,178.63,3.4,2.1,5.18,19.148,129
2021-04-15T00:00:00.000Z,2.4,44.45,5.3,4.45,7.97,4.673,95
2021-04-16T00:00:00.000Z,3,51.97,7.1,4.97,10.89,5.895,124
2021-04-17T00:00:00.000Z,1.52,118.72,3.67,2.78,5.25,15.195,148
2021-04-18T00:00:00.000Z,2.25,37.04,5.63,4.4,6.52,3.084,133
2021-04-19T00:00:00.000Z,2.35,27.25,8.84,5.8,14.4,6.675,130
2021-04-20T00:00:00.000Z,2.92,51.75,10.23,5.72,20.02,8.274,115
2021-04-21T00:00:00.000Z,4.38,88.55,11.2,6.49,14.64,8.577,109
2021-04-22T00:00:00.000Z,1.6,126.68,5.09,3.85,12.13,13.461,119
2021-04-23T00:00:00.000Z,1.9,29.67,8.94,4.57,17.14,7.188,106
2021-04-24T00:00:00.000Z,2.29,28.5,5.59,3.45,7.25,2.988,126
2021-04-25T00:00:00.000Z,2.63,86.83,9.4,5.98,11.92,12.85,161
2021-04-26T00:00:00.000Z,3.2,51.5,7.85,4.25,10.07,5.222,135
2021-04-27T00:00:00.000Z,4.95,45.55,7.95,6.9,9.27,4.959,126
2021-04-28T00:00:00.000Z,4.3,18.23,8.84,7.2,10.28,2.655,124
2021-04-29T00:00:00.000Z,5.53,39.92,10.9,7.44,19.48,6.375,113
2021-04-30T00:00:00.000Z,2.88,24.4,6.27,3.95,11.68,4.883,106
2021-05-01T00:00:00.000Z,5.35,48.47,10.31,9.1,11.75,3.83,134
2021-05-02T00:00:00.000Z,2.27,105.65,4.38,3.75,5.05,8.776,135
2021-05-03T00:00:00.000Z,2.42,40.42,4.8,3.41,6.94,3.907,125
2021-05-04T00:00:00.000Z,1.9,54.2,4.26,3.38,5.68,6.035,118
2021-05-05T00:00:00.000Z,1.7,32.65,5.36,3.25,12.8,6.346,122
2021-05-06T00:00:00.000Z,2.1,32.29,3.53,2.83,4.3,3.875,107
2021-05-07T00:00:00.000Z,2,12.38,3.58,2.9,4.43,1.806,124
2021-05-08T00:00:00.000Z,1.95,101.65,4,3.13,5.15,9.981,123
2021-05-09T00:00:00.000Z,2.2,61.53,5.93,4.34,7.64,8.392,137
2021-05-10T00:00:00.000Z,2.13,64.72,5.68,3.1,9.57,7.82,118
2021-05-11T00:00:00.000Z,2.75,36.15,6.05,5.31,8.65,5.519,113
2021-05-12T00:00:00.000Z,1.2,55.72,3.74,2.96,4.53,7.355,116
2021-05-13T00:00:00.000Z,1.9,50.08,3.78,3.35,4.38,7.325,144
2021-05-14T00:00:00.000Z,1.25,19.48,3.38,2.5,4.15,1.802,130
2021-05-15T00:00:00.000Z,1.08,22.17,2.29,1.86,2.98,2.225,145
2021-05-16T00:00:00.000Z,1.8,46.63,2.95,2.6,3.22,4.448,147
2021-05-17T00:00:00.000Z,1.95,69.8,3.56,2.99,4.82,7.312,128
2021-05-18T00:00:00.000Z,1.92,89.53,4.19,3.2,5.78,15.599,114
2021-05-19T00:00:00.000Z,1.3,135.82,3.88,3.21,4.86,17.569,145
2021-05-20T00:00:00.000Z,0.65,41.85,1.57,1.3,2.1,4.846,150
2021-05-21T00:00:00.000Z,1.14,40.72,2.4,1.9,2.9,3.589,142
2021-05-22T00:00:00.000Z,1.12,53.28,2.33,1.8,3.15,7.913,118
2021-05-23T00:00:00.000Z,1.77,46.55,4.75,3.17,6.85,5.229,164
2021-05-24T00:00:00.000Z,1.85,57.25,7.2,3.16,16.09,10.591,145
2021-05-25T00:00:00.000Z,1.85,93.63,5.31,3.05,6.43,7.857,166
2021-05-26T00:00:00.000Z,2,55.92,4.55,3.08,10.44,10.236,160
2021-05-27T00:00:00.000Z,1.8,36.1,3.42,2.47,4.22,3.031,147
2021-05-28T00:00:00.000Z,2.02,118.8,4.38,3.7,6.6,17.384,154
2021-05-29T00:00:00.000Z,1.33,8.23,2.79,2.31,5.64,1.782,132
2021-05-30T00:00:00.000Z,1.85,7.85,4.09,3.15,4.88,1.283,167
2021-05-31T00:00:00.000Z,2,14.85,2.83,2.49,3.61,1.59,128
2021-06-01T00:00:00.000Z,2,9.94,4.07,3.42,5.4,1.392,167
2021-06-02T00:00:00.000Z,2.5,55.25,5.25,3.84,7.67,7.504,137
2021-06-03T00:00:00.000Z,2.4,188.88,5.35,4.55,6.43,30.781,144
2021-06-04T00:00:00.000Z,2,146.25,4.55,3.6,6.19,14.154,144
2021-06-05T00:00:00.000Z,3,61.22,5.18,4.45,5.82,10.304,155
2021-06-06T00:00:00.000Z,3.1,39.67,8.63,6.15,10.52,5.329,183
2021-06-07T00:00:00.000Z,4.3,135.38,9.82,7.04,12.49,13.813,309
2021-06-08T00:00:00.000Z,3.05,49.97,7.2,5.22,11,5.436,231
2021-06-09T00:00:00.000Z,4.34,27.35,8.16,6.6,9.44,3.482,250
2021-06-10T00:00:00.000Z,4.38,62.92,10.18,7.35,12.3,7.913,175
2021-06-11T00:00:00.000Z,3.03,70.22,8.97,6.44,13.25,9.899,176
2021-06-12T00:00:00.000Z,3.15,67.59,5.2,4.34,8.43,8.399,158
2021-06-13T00:00:00.000Z,3.72,11.85,5.57,4.97,6.55,1.497,160
2021-06-14T00:00:00.000Z,6.32,98.9,10.73,8.6,13.13,10.078,191
2021-06-15T00:00:00.000Z,3.4,119.8,7.99,5.07,15.52,14.191,182
2021-06-16T00:00:00.000Z,2.83,68.81,6.4,5.05,7.39,5.305,161
2021-06-17T00:00:00.000Z,4.25,94.78,8.49,6.75,10.35,10.619,230
2021-06-18T00:00:00.000Z,3.83,52.95,8.39,6.59,10.18,5.552,236
2021-06-19T00:00:00.000Z,2.85,385.17,8.44,5.55,10.5,42.661,278
2021-06-20T00:00:00.000Z,2.97,576,7.22,5.38,9.18,43.195,302
2021-06-21T00:00:00.000Z,3.17,193.9,5.88,4.51,7.2,13.934,264
2021-06-22T00:00:00.000Z,4.75,450.75,7,6.1,19.42,49.509,229
2021-06-23T00:00:00.000Z,6.57,76.5,8.73,7.7,9.91,7.901,280
2021-06-24T00:00:00.000Z,5.35,31.88,8.13,7.25,8.93,1.846,262
2021-06-25T00:00:00.000Z,1.6,72.15,3.64,2.9,9.1,5.685,292
2021-06-26T00:00:00.000Z,1.2,11.7,2.7,2.08,4.94,1.896,305
2021-06-27T00:00:00.000Z,1.4,9.43,3,2.17,4.22,1.801,307
2021-06-28T00:00:00.000Z,2.42,10.5,5.03,4.01,5.92,1.169,285
2021-06-29T00:00:00.000Z,4.65,11.43,8.47,6.77,9.19,1.552,316
2021-06-30T00:00:00.000Z,2.17,11.68,4.71,3.5,5.81,1.508,284
2021-07-01T00:00:00.000Z,2.1,11.23,3.85,3.13,4.38,1.025,257
2021-07-02T00:00:00.000Z,1.95,5.4,3.28,2.7,3.84,0.725,245
2021-07-03T00:00:00.000Z,2,558.65,3.89,2.92,14.63,46.014,326
2021-07-04T00:00:00.000Z,2.8,336.55,4.57,3.6,9.48,40.522,322
2021-07-05T00:00:00.000Z,2.4,329.2,5.9,3.6,13.06,49.758,241
2021-07-06T00:00:00.000Z,3.3,110.8,6,4.9,6.73,8.766,285
2021-07-07T00:00:00.000Z,1.8,75.06,4.8,3.6,6.8,4.855,262
2021-07-08T00:00:00.000Z,2.35,28.48,4.19,3.6,4.75,2.278,286
2021-07-09T00:00:00.000Z,2.65,123.95,5.68,4.28,7.31,10.584,329
2021-07-10T00:00:00.000Z,2.17,30.17,3.99,3.4,4.7,2.768,322
2021-07-11T00:00:00.000Z,1.92,84.03,4.25,3.35,5.13,6.195,350
2021-07-12T00:00:00.000Z,2.92,52.05,5.28,3.83,6.2,4.608,255
2021-07-13T00:00:00.000Z,2.85,233.98,5.47,4.07,33.56,37.197,236
2021-07-14T00:00:00.000Z,2.38,53.78,3.3,3,3.65,4.099,258
2021-07-15T00:00:00.000Z,2.38,285.13,4.09,3.17,12.36,40.701,297
2021-07-16T00:00:00.000Z,2.9,203.95,4.82,4.32,9.32,32.283,271
2021-07-17T00:00:00.000Z,2.33,28.15,3.8,3.45,4.44,2.881,324
2021-07-18T00:00:00.000Z,3.3,90.55,7.07,6,14.98,14.409,273
2021-07-19T00:00:00.000Z,5.2,28.35,8.44,7.28,9.65,2.904,250
2021-07-20T00:00:00.000Z,4.95,39.67,8.82,7.03,10.32,4.88,258
2021-07-21T00:00:00.000Z,3.75,74.65,8.02,5.8,10.27,6.876,291
2021-07-22T00:00:00.000Z,5.03,192.98,7.28,6.28,9.14,12.8,244
2021-07-23T00:00:00.000Z,4.97,18.2,8.32,6.59,10.24,2.308,296
2021-07-24T00:00:00.000Z,3.75,177.75,8.02,6.22,15.77,17.189,282
2021-07-25T00:00:00.000Z,3.5,175.38,6.57,4.93,7.9,12.458,314
2021-07-26T00:00:00.000Z,3.6,108.95,6.75,5.05,8,11.083,321
2021-07-27T00:00:00.000Z,4.7,24.5,7.32,6.55,8.02,1.867,343
2021-07-28T00:00:00.000Z,4.09,74.13,7.78,5.34,9.65,5.601,337
2021-07-29T00:00:00.000Z,5.47,55.78,9.74,7.72,10.6,3.431,302
2021-07-30T00:00:00.000Z,7,20.32,11.2,9.25,13,2.383,246
2021-07-31T00:00:00.000Z,5.9,22.8,10.89,8.72,14.6,4.678,256
2021-08-01T00:00:00.000Z,1.9,34.03,6.25,3.7,8,2.871,251
2021-08-02T00:00:00.000Z,2.15,9.63,3.72,3.08,4.32,1.116,246
2021-08-03T00:00:00.000Z,1.83,8.3,3.13,2.58,4,0.986,258
2021-08-04T00:00:00.000Z,2.7,13.7,3.92,3.42,5.56,2.693,220
2021-08-05T00:00:00.000Z,2.2,7.28,3.8,3.22,4.75,1.012,256
2021-08-06T00:00:00.000Z,2.25,9.93,4.8,4.12,5.53,1.04,317
2021-08-07T00:00:00.000Z,2.04,8,3.78,2.97,4.68,1.038,321
2021-08-08T00:00:00.000Z,2.42,12.45,6.3,4.22,8.6,2.27,287
2021-08-09T00:00:00.000Z,4.84,35.17,6.95,6.13,8.88,2.455,230
2021-08-10T00:00:00.000Z,2.29,12.68,4.59,3.75,6.2,2.54,303
2021-08-11T00:00:00.000Z,3.65,10.88,4.73,4.38,5.2,0.897,234
2021-08-12T00:00:00.000Z,3.75,43,7.13,6.3,8.07,2.831,284
2021-08-13T00:00:00.000Z,3.33,174.02,8.6,5.9,11.2,11.652,527
2021-08-14T00:00:00.000Z,4.59,13.88,8.15,6.47,9.02,1.714,450
2021-08-15T00:00:00.000Z,4.34,25.45,8.85,7,10.46,4.139,469
2021-08-16T00:00:00.000Z,3.65,12.6,5.88,5.22,6.93,1.25,523
2021-08-17T00:00:00.000Z,4.34,41.08,7.27,6.15,10.82,5.085,546
2021-08-18T00:00:00.000Z,8.02,18.57,12.3,10.65,13.38,2.07,456
2021-08-19T00:00:00.000Z,8.48,16.98,10.55,10.02,11.43,1.374,542
2021-08-20T00:00:00.000Z,4.28,33.4,9.52,7.07,11.63,3.291,511
2021-08-21T00:00:00.000Z,4.57,154.88,7.07,6.1,7.95,9.013,539
2021-08-22T00:00:00.000Z,3.2,179.88,7.47,6.03,8.65,12.302,511
2021-08-23T00:00:00.000Z,5.38,12.35,6.88,6.45,7.28,0.748,551
2021-08-24T00:00:00.000Z,3.7,48.45,7.55,6.38,8.74,3.244,493
2021-08-25T00:00:00.000Z,3.72,122.43,6.53,5.68,7.25,7.871,528
2021-08-26T00:00:00.000Z,1.8,128.32,9.5,3.85,15.01,15.909,384
2021-08-27T00:00:00.000Z,3.2,48.25,5.8,4.97,6.97,3.162,415
2021-08-28T00:00:00.000Z,2,23.27,6.3,5.5,7.1,2.664,368
2021-08-29T00:00:00.000Z,1.02,36.97,2.2,1.8,2.58,1.851,398
2021-08-30T00:00:00.000Z,1.3,213.8,2.33,1.8,6.35,20.022,522
2021-08-31T00:00:00.000Z,2,52.95,3.28,2.8,3.78,4.616,534
2021-09-01T00:00:00.000Z,2.4,814.15,4.03,3.45,10,126.003,498
2021-09-02T00:00:00.000Z,1.9,718.33,4,3.42,62.7,112.947,502
2021-09-03T00:00:00.000Z,3.17,208.5,5.53,4.8,6.49,13.379,517
2021-09-04T00:00:00.000Z,4.34,86.35,6.68,6.13,7.35,8.908,456
2021-09-05T00:00:00.000Z,3,88.57,5.43,4.28,6.6,6.404,459
2021-09-06T00:00:00.000Z,3.33,86,6.22,5.31,8.38,8.965,476
2021-09-07T00:00:00.000Z,7.68,924.3,11.31,9.65,86.36,131.808,456
2021-09-08T00:00:00.000Z,10.27,639.72,13.35,12.32,17.52,84.363,574
2021-09-09T00:00:00.000Z,6.7,778.55,13.89,9.73,59.47,115.699,496
2021-09-10T00:00:00.000Z,9.19,140.02,13.02,11.6,15.75,7.738,566
2021-09-11T00:00:00.000Z,9.19,744.25,15.82,11.6,25.05,92.997,572
2021-09-12T00:00:00.000Z,6.13,48.47,10.38,9,13.05,4.848,571
2021-09-13T00:00:00.000Z,5.82,694,12.05,10.32,42.15,82.826,555
2021-09-14T00:00:00.000Z,5.09,152.75,10.57,7.82,13.93,9.922,541
2021-09-15T00:00:00.000Z,4.65,552.72,9.4,8.44,10.9,29.785,554
2021-09-16T00:00:00.000Z,4.59,105.18,9.32,7.14,11.15,7.056,565
2021-09-17T00:00:00.000Z,7.6,37.83,10.77,9.9,12,2.781,562
2021-09-18T00:00:00.000Z,2,18.13,6.07,3.67,10.13,3.354,573
2021-09-19T00:00:00.000Z,1.7,776.63,6.82,3.15,30.63,89.721,570
2021-09-20T00:00:00.000Z,1.67,113.1,3.2,2.54,4.05,7.807,559
2021-09-21T00:00:00.000Z,1.65,741.9,3.72,2.87,10.98,106.941,572
2021-09-22T00:00:00.000Z,1.2,135.15,3.05,2.63,3.65,10.75,563
2021-09-23T00:00:00.000Z,2.4,998.9,3.7,3.33,22.88,116.142,584
2021-09-24T00:00:00.000Z,3.22,844.3,7.22,5.68,28.42,127.217,563
2021-09-25T00:00:00.000Z,3.6,881.42,7.43,5.67,58.15,141.686,564
2021-09-26T00:00:00.000Z,4.59,116.22,7.1,6.42,8.1,7.417,520
2021-09-27T00:00:00.000Z,6.73,320.98,9.94,8.66,12.48,19.209,448
2021-09-28T00:00:00.000Z,16.14,159.27,27.94,24.8,30.55,11.633,566
2021-09-29T00:00:00.000Z,12.35,211.15,25.02,15.97,34,13.012,557
2021-09-30T00:00:00.000Z,3.65,84.32,18.48,13.8,24.85,10.937,550
2021-10-01T00:00:00.000Z,9.44,176,12.82,12.09,14.42,14.744,492
2021-10-02T00:00:00.000Z,4.18,164.2,13.97,10.3,17.92,10.825,502
2021-10-03T00:00:00.000Z,5.05,16.85,10.35,7.68,12.5,2.754,555
2021-10-04T00:00:00.000Z,5.53,137.88,13.4,9,15.31,16.213,545
2021-10-05T00:00:00.000Z,1.45,93.82,4.34,3.17,6.1,8.678,570
2021-10-06T00:00:00.000Z,1.58,119.07,3.38,2.64,4.5,6.825,568
2021-10-07T00:00:00.000Z,0.7,28.2,1.42,1.12,2,2.297,571
2021-10-08T00:00:00.000Z,1,50.7,2.17,1.63,3.13,3.278,557
2021-10-09T00:00:00.000Z,1.5,71.47,3.03,2.33,3.8,3.743,563
2021-10-10T00:00:00.000Z,1.2,17.64,2.02,1.8,2.4,1.164,571
2021-10-11T00:00:00.000Z,0.98,23.85,2.16,1.5,5.5,2.624,578
2021-10-12T00:00:00.000Z,2.1,164.45,6.68,4.38,8.53,14.314,564
2021-10-13T00:00:00.000Z,1,49.67,3.9,2.34,8.76,4.461,561
2021-10-14T00:00:00.000Z,0.98,20.48,1.77,1.5,2.25,1.72,555
2021-10-15T00:00:00.000Z,1.3,65.22,2.1,1.9,2.65,3.114,556
2021-10-16T00:00:00.000Z,2.6,253.57,4.84,3.87,9.69,21.638,561
2021-10-17T00:00:00.000Z,3.8,31.6,6.38,5.5,10.4,5.865,574
2021-10-18T00:00:00.000Z,2.67,249.4,10.52,7.53,12.23,17.463,541
2021-10-19T00:00:00.000Z,3.4,225.68,9.19,7.02,10.8,16.804,580
2021-10-20T00:00:00.000Z,3.6,261.39,12.63,7.59,14.51,20.884,556
2021-10-21T00:00:00.000Z,4.32,233.5,12.82,7.95,19.23,13.98,570
2021-10-22T00:00:00.000Z,7.15,112.8,16.07,10.7,20.14,9.382,570
2021-10-23T00:00:00.000Z,6.88,58.67,19.52,11.76,24,7.068,560
2021-10-24T00:00:00.000Z,2.08,39.38,4.5,3.22,8.05,3.658,561
2021-10-25T00:00:00.000Z,2.45,228.57,4.53,3.2,8.19,20.251,571
2021-10-26T00:00:00.000Z,6.2,76.22,8.65,7.57,17.39,6.577,557
2021-10-27T00:00:00.000Z,4.59,312.77,9.34,7.28,14.07,23.918,550
2021-10-28T00:00:00.000Z,5.45,122.82,9.23,8.32,19.02,12.355,542
2021-10-29T00:00:00.000Z,6.22,307.33,15.2,12.27,21.08,24.075,559
2021-10-30T00:00:00.000Z,7.63,198.35,15.6,12.48,24.63,12.521,570
2021-10-31T00:00:00.000Z,6.22,219,16.39,12.51,19.77,14.378,553
2021-11-01T00:00:00.000Z,1.9,94.75,9.75,4.65,15.95,8.442,539
2021-11-02T00:00:00.000Z,1.1,179.88,4.03,2.99,5.07,10.468,504
2021-11-03T00:00:00.000Z,1.1,152.18,3.2,2.47,4.29,11.306,529
2021-11-04T00:00:00.000Z,1.2,65.81,2.8,2.04,6.3,5.692,559
2021-11-05T00:00:00.000Z,1.7,41.5,4.8,3.72,6.53,3.439,451
2021-11-09T00:00:00.000Z,3.63,6.7,4.71,4.3,5.01,0.538,132
2021-11-10T00:00:00.000Z,2.25,199.18,8.35,5.32,10.1,12.242,542
2021-11-11T00:00:00.000Z,7.78,80.88,16.13,13.22,20.16,6.944,509
2021-11-12T00:00:00.000Z,4.9,397.3,14.63,10.63,17.87,23.796,493
2021-11-13T00:00:00.000Z,4.05,283.89,16.82,11.93,23.38,16.1,555
2021-11-14T00:00:00.000Z,3.3,129.02,11.3,7.9,19.95,10.051,542
2021-11-15T00:00:00.000Z,2.22,388.65,4.49,3.28,12.55,27.295,540
2021-11-16T00:00:00.000Z,4.47,87.4,11.64,9.77,16.8,6.42,520
2021-11-17T00:00:00.000Z,5.2,161.85,11.54,9.34,14.19,13.201,408
2021-11-18T00:00:00.000Z,5.03,238.7,12.04,9.77,18.48,21.7,504
2021-11-19T00:00:00.000Z,5.7,372.92,21.13,17.32,23.83,31.259,479
2021-11-20T00:00:00.000Z,9.8,248.63,23.65,15.88,29.04,22.789,509
2021-11-21T00:00:00.000Z,7.2,360.83,21.88,19.1,27.25,33.901,555
2021-11-22T00:00:00.000Z,2.83,112.93,11.2,7.49,24.65,11.201,541
2021-11-23T00:00:00.000Z,1.7,58.6,5.07,3.47,14.18,8.45,551
2021-11-24T00:00:00.000Z,2.7,124.23,5.03,4.3,10.92,7.07,540
2021-11-25T00:00:00.000Z,2.33,92.85,8,5.43,9.69,6.698,547
2021-11-26T00:00:00.000Z,1.48,62.53,5.25,3.4,16.89,9.329,564
2021-11-27T00:00:00.000Z,1.5,142.93,3.42,2.7,4.68,9.623,542
2021-11-28T00:00:00.000Z,1.25,241.23,2.4,1.92,3.6,12.992,546
2021-11-29T00:00:00.000Z,0.98,67.78,2.29,1.95,2.9,3.853,550
2021-11-30T00:00:00.000Z,1.55,151.3,4.13,2.45,13.18,13.377,538
2021-12-01T00:00:00.000Z,1.8,154.5,4.94,3.83,6.6,11.468,534
2021-12-02T00:00:00.000Z,1.52,221,3.75,2.83,4.69,15.175,521
2021-12-03T00:00:00.000Z,2.25,10.68,4.59,3.58,7.73,2.418,240
2021-12-04T00:00:00.000Z,2.1,16.07,5.85,4.84,6.78,1.869,523
2021-12-05T00:00:00.000Z,2.1,110.18,4.38,3.54,5.49,6.493,509
2021-12-06T00:00:00.000Z,2.78,74.03,4.59,3.92,5.47,3.386,545
2021-12-07T00:00:00.000Z,1.73,133.18,3.65,2.75,8.43,11.158,530
2021-12-08T00:00:00.000Z,1.77,69.45,5.22,3.88,8.23,7.933,512
2021-12-09T00:00:00.000Z,0.8,79.7,3.05,2.1,6.82,6.426,529
2021-12-10T00:00:00.000Z,1.8,47.13,10.88,4.84,14.25,5.747,500
2021-12-11T00:00:00.000Z,0.6,12.85,2.2,1.58,3.5,1.566,531
2021-12-12T00:00:00.000Z,1.55,43,3.1,2.45,5.38,3.17,469
2021-12-13T00:00:00.000Z,3.42,85.15,7.88,5.72,9.98,8.012,434
2021-12-14T00:00:00.000Z,3.25,77.68,13.5,9.41,16.71,6.922,477
2021-12-15T00:00:00.000Z,4.5,146.13,8.25,6.8,11.45,10.314,527
2021-12-16T00:00:00.000Z,3.22,239.52,10.16,7.9,14.02,11.782,514
2021-12-17T00:00:00.000Z,4.2,381.17,9.49,6.78,22.8,28.191,532
2021-12-18T00:00:00.000Z,2.04,31.67,7.05,3.94,11.31,6.852,521
2021-12-19T00:00:00.000Z,4.03,42.78,6.55,5.57,22.63,10.718,539
2021-12-20T00:00:00.000Z,9.02,44.88,25.73,22.05,29.03,8.699,493
2021-12-21T00:00:00.000Z,7.78,268.33,23.8,20.92,32.08,24.529,543
2021-12-22T00:00:00.000Z,11.07,479.48,26.69,20.2,30.77,22.991,532
2021-12-23T00:00:00.000Z,8.93,166.48,20.51,16.38,26.3,12.352,510
2021-12-24T00:00:00.000Z,5.3,34.72,12.42,9.11,18.73,7.953,524
2021-12-25T00:00:00.000Z,6.8,22,11.35,8.35,15.65,4.08,516
2021-12-26T00:00:00.000Z,3.08,50,6.88,5.07,10.5,4.836,507
2021-12-27T00:00:00.000Z,5.15,128.77,13.25,10.6,18.98,12.813,547
2021-12-28T00:00:00.000Z,2.92,55.75,11.35,8.18,16.85,10.143,538
2021-12-29T00:00:00.000Z,3,83.25,8.52,6.62,13.21,6.186,557
2021-12-30T00:00:00.000Z,5.47,150.1,14.81,9.9,31.31,15.411,544
2021-12-31T00:00:00.000Z,5.45,311.08,18.6,12.55,27.72,45.39,553
2022-01-01T00:00:00.000Z,10.55,371.98,43.91,27.83,54.83,66.752,550
2022-01-02T00:00:00.000Z,9.98,103.8,28.25,21.38,32.22,9.175,535
2022-01-03T00:00:00.000Z,4.47,42.63,23.59,13.6,31.33,10.314,538
2022-01-04T00:00:00.000Z,3.47,32.58,8.52,6.54,17.98,7.963,560
2022-01-05T00:00:00.000Z,3.13,21.75,8.18,6.5,11.47,4.035,545
2022-01-06T00:00:00.000Z,2.7,14.3,4.72,4.09,5.9,1.42,563
2022-01-07T00:00:00.000Z,1.77,11.8,3.1,2.58,4.47,1.634,549
2022-01-08T00:00:00.000Z,2.27,24.9,5.72,4.75,7.28,2.945,507
2022-01-09T00:00:00.000Z,1.7,62.33,10.5,6.04,13.26,6.758,513
2022-01-10T00:00:00.000Z,1.17,4.45,2.27,1.79,2.78,0.65,529
2022-01-11T00:00:00.000Z,2.29,33.63,6.15,4.97,7.18,2.588,527
2022-01-12T00:00:00.000Z,1.77,8.68,4.63,3.7,5.97,1.397,556
2022-01-13T00:00:00.000Z,2.9,59.28,4.3,3.8,8.11,4.727,540
2022-01-14T00:00:00.000Z,3.72,433.45,8.94,6.74,27.8,36.579,536
2022-01-15T00:00:00.000Z,11.57,68.93,23.84,18.73,27.63,14.705,552
2022-01-16T00:00:00.000Z,10.8,282.14,35.97,19.39,41.96,26.569,549
2022-01-17T00:00:00.000Z,5.13,130.19,32.4,16.92,41.4,15.025,565
2022-01-18T00:00:00.000Z,13,175.8,23.88,20.65,32.47,13.4,556
2022-01-19T00:00:00.000Z,4.34,578.16,27.23,17.48,30.88,34.054,536
2022-01-20T00:00:00.000Z,2.6,97.43,9.1,6.57,21.13,10.584,562
2022-01-21T00:00:00.000Z,4.45,86.97,11.7,7.46,16.19,6.558,525
2022-01-22T00:00:00.000Z,1.67,87.5,3.05,2.5,6.77,9.142,548
2022-01-23T00:00:00.000Z,3.92,37.79,13.35,9.14,19.73,7.221,544
2022-01-24T00:00:00.000Z,1.7,36.65,7.8,4.07,21.15,9.459,547
2022-01-25T00:00:00.000Z,2.4,41.03,4.18,3.38,5.68,9.577,545
2022-01-26T00:00:00.000Z,10.8,76.28,19.92,15.84,23.84,7.715,520
2022-01-27T00:00:00.000Z,7.82,191.48,18.75,15.43,26.22,14.446,561
2022-01-28T00:00:00.000Z,6.38,281.95,24.7,9.66,33.88,22.339,548
2022-01-29T00:00:00.000Z,2.54,277.88,10.6,7.33,14.62,21.022,565
2022-01-30T00:00:00.000Z,9.93,199.38,23.55,17.8,29.75,17.987,567
2022-01-31T00:00:00.000Z,5.07,70.95,24.63,17.35,28.09,9.823,565
2022-02-01T00:00:00.000Z,0.73,32.85,4.68,2.54,16.25,7.109,534
2022-02-02T00:00:00.000Z,2.9,161.25,7.9,5.84,9.76,9.212,533
2022-02-03T00:00:00.000Z,2.29,163.13,12.9,7.2,17.07,11.851,514
2022-02-04T00:00:00.000Z,2.72,52.15,13.1,6.4,18.12,7.173,533
2022-02-05T00:00:00.000Z,4.75,97.05,19.73,9.98,23.23,10.6,550
2022-02-06T00:00:00.000Z,5.5,115.5,19.14,14.7,22.48,8.984,550
2022-02-07T00:00:00.000Z,1.48,22.58,5.19,3.88,7.05,3.511,562
2022-02-08T00:00:00.000Z,1.08,16.39,4.01,2.8,5.35,2.548,550
2022-02-09T00:00:00.000Z,3.45,509.08,10.05,6.5,12.59,29.56,533
2022-02-10T00:00:00.000Z,2,438.2,18.45,6.97,26.65,25.804,534
2022-02-11T00:00:00.000Z,1.58,114.22,14.93,7.92,20.85,12.291,544
2022-02-12T00:00:00.000Z,5.3,126.93,14.42,8.15,22.91,11.269,560
2022-02-13T00:00:00.000Z,3.72,37.35,7.5,5.24,11.69,4.625,564
2022-02-14T00:00:00.000Z,2.29,109.13,5.63,4.3,7.83,8.876,553
2022-02-15T00:00:00.000Z,2.08,96.72,4.68,3.55,7.8,5.698,573
2022-02-16T00:00:00.000Z,1.7,85.93,4.34,3,6.59,7.816,561
2022-02-17T00:00:00.000Z,2.13,194.65,11.19,7.1,15.05,12.43,558
2022-02-18T00:00:00.000Z,4.34,145.4,9,7.02,11.5,10.747,572
2022-02-19T00:00:00.000Z,2.78,117.88,16.14,12.9,20.17,11.012,575
2022-02-20T00:00:00.000Z,4.2,178.8,13.18,8.57,29.35,16.175,568
2022-02-21T00:00:00.000Z,1.45,287.3,5.47,4.34,7.12,16.137,561
2022-02-22T00:00:00.000Z,0.7,12.02,2.95,2.04,5.35,2.565,567
2022-02-23T00:00:00.000Z,1.4,238.6,3.13,2.4,8.14,18.69,549
2022-02-24T00:00:00.000Z,1.14,235.25,8.49,4.54,11.21,13.105,516
2022-02-25T00:00:00.000Z,1.73,297.64,7.29,4.69,10.85,15.331,548
2022-02-26T00:00:00.000Z,0.4,11.98,1.33,1.02,1.6,1.841,575
2022-02-27T00:00:00.000Z,1.45,6.18,3.67,3,4.65,1.068,563
2022-02-28T00:00:00.000Z,2.45,165.63,6.07,4.75,7,7.154,559
2022-03-01T00:00:00.000Z,3.03,22.63,4.84,4.18,5.4,1.412,571
2022-03-02T00:00:00.000Z,3.42,277.98,5.92,4.95,11.98,18.721,530
2022-03-03T00:00:00.000Z,6.68,223.7,19.32,16.05,23.19,12.803,541
2022-03-04T00:00:00.000Z,5.32,62.83,23.77,16.02,28.33,9.305,542
2022-03-05T00:00:00.000Z,5.85,64.56,9.86,8.75,13.24,3.97,568
2022-03-06T00:00:00.000Z,6.3,30,10.85,8.4,16.13,4.316,543
2022-03-07T00:00:00.000Z,4.65,106.3,11,9.05,13.45,5.688,574
2022-03-08T00:00:00.000Z,3.15,44.9,6.68,5.5,13.8,4.834,559
2022-03-09T00:00:00.000Z,3.95,104.2,8.35,6.13,10.52,7.082,543
2022-03-10T00:00:00.000Z,2.47,291.88,13.45,6.93,16.12,20.917,541
2022-03-11T00:00:00.000Z,5.17,135.75,13.32,8.28,16.39,8.474,564
2022-03-12T00:00:00.000Z,5.35,28.35,13.89,9.69,16.07,5.124,540
2022-03-13T00:00:00.000Z,4.53,12.88,7.3,6.5,8.31,1.406,437
2022-03-20T00:00:00.000Z,5.07,72.2,6.94,5.99,8.93,6.566,268
2022-03-21T00:00:00.000Z,5.03,66.63,9.48,6.6,13.4,6.663,535
2022-03-22T00:00:00.000Z,6.15,29.75,8.99,8.07,10.43,4.874,568
2022-03-23T00:00:00.000Z,6.53,102.53,15.3,9.4,19.63,10.696,559
2022-03-24T00:00:00.000Z,7.2,165.93,18.1,12.5,21.58,12.076,550
2022-03-25T00:00:00.000Z,7,152.68,24.15,13.9,28.9,11.628,562
2022-03-26T00:00:00.000Z,10.85,153.32,23.9,16.29,31.38,14.639,568
2022-03-27T00:00:00.000Z,7.03,176.65,13.38,10.09,22.23,13.94,557
2022-03-28T00:00:00.000Z,3.55,115.7,8.02,6.55,13.54,10.517,560
2022-03-29T00:00:00.000Z,4.18,144.85,11.88,7.38,13.5,10.16,558
2022-03-30T00:00:00.000Z,4.4,119.25,9.85,8.22,11.73,8.023,560
2022-03-31T00:00:00.000Z,1.4,99.63,6.93,4.43,12.15,7.585,569
2022-04-01T00:00:00.000Z,2.42,181.88,5.5,4.13,7.1,11.769,537
2022-04-02T00:00:00.000Z,1.6,80.7,2.92,2.58,3.33,5.882,496
2022-04-03T00:00:00.000Z,0.95,16.05,2.35,1.88,3.53,3.418,562
2022-04-04T00:00:00.000Z,2,401.08,6.94,3.14,8.6,20.517,576
2022-04-05T00:00:00.000Z,1.77,99.75,6.7,2.75,9.1,10.886,563
2022-04-06T00:00:00.000Z,3.17,71.93,9.52,7.85,12.46,6.013,569
2022-04-07T00:00:00.000Z,2.02,118.1,6.2,3.92,8.86,9.346,568
2022-04-08T00:00:00.000Z,2.52,149.55,5.93,5.13,6.65,9.397,575
2022-04-09T00:00:00.000Z,3.67,57.88,6.15,5.35,7.63,4.041,555
2022-04-10T00:00:00.000Z,0.5,59.4,1.6,1.3,3.05,3.73,566
2022-04-11T00:00:00.000Z,1.2,112.57,3.47,2.02,5.09,7.429,566
2022-04-12T00:00:00.000Z,1.2,203.35,6.22,3.12,7.76,9.481,572
2022-04-13T00:00:00.000Z,2.4,111.75,6.28,4.9,7.7,10.275,559
2022-04-14T00:00:00.000Z,2.5,33.25,6.43,3.9,10.38,3.574,566
2022-04-15T00:00:00.000Z,3.53,604.15,9.15,4.65,10.98,32.613,577
2022-04-16T00:00:00.000Z,2.2,578.63,4.43,3.4,9.06,31.407,577
2022-04-17T00:00:00.000Z,1.48,23.85,2.2,1.95,2.83,1.554,564
2022-04-18T00:00:00.000Z,1.73,124,2.6,2.4,2.9,8.35,566
2022-04-19T00:00:00.000Z,2.02,178.35,3.7,3.1,4.96,12.835,568
2022-04-20T00:00:00.000Z,3.05,90.88,5.4,4.17,7.57,6.002,568
2022-04-21T00:00:00.000Z,3.25,51.43,6.38,5.43,7.55,3.67,562
2022-04-22T00:00:00.000Z,0.75,9.65,2.04,1.5,2.92,1.173,570
2022-04-23T00:00:00.000Z,1.4,19.39,2.8,2.2,3.9,1.813,563
2022-04-24T00:00:00.000Z,1,8.93,3.05,2.39,3.8,1.25,580
2022-04-25T00:00:00.000Z,3.1,14.35,4.7,4.18,5.88,1.79,544
2022-04-26T00:00:00.000Z,1.88,119.45,4.72,2.8,7.85,8.044,543
2022-04-27T00:00:00.000Z,1.48,209.05,4.65,2.5,6.57,10.406,563
2022-04-28T00:00:00.000Z,1.85,135.44,3.7,2.67,4.84,10.312,563
2022-04-29T00:00:00.000Z,2.38,109.95,4,3.42,4.82,8.122,559
2022-04-30T00:00:00.000Z,2.7,128.15,5.07,3.88,6.68,10.006,547
2022-05-01T00:00:00.000Z,2.63,83.4,8.5,4.9,11.92,6.731,504
2022-05-02T00:00:00.000Z,3.2,75.7,7.09,4.82,8.9,4.248,422
2022-05-03T00:00:00.000Z,3.9,62.2,6.94,5.71,9.77,5.611,528
2022-05-04T00:00:00.000Z,5.07,404.73,14.29,7.75,18.82,19.216,566
2022-05-05T00:00:00.000Z,6.55,45.83,11.52,10.3,12.98,2.983,559
2022-05-06T00:00:00.000Z,3.28,93.2,6.4,5.21,9.28,5.018,564
2022-05-07T00:00:00.000Z,1.38,41.1,4.63,3.65,5.72,2.954,569
2022-05-08T00:00:00.000Z,2.13,218.95,5.22,4.29,6.09,15.079,564
2022-05-09T00:00:00.000Z,2.83,131.57,5.7,4.2,7.18,7.613,528
2022-05-10T00:00:00.000Z,3.1,59.67,6.97,5.4,8.69,4.938,504
2022-05-11T00:00:00.000Z,3.92,255.88,6.49,5.5,7.78,17.625,504
2022-05-12T00:00:00.000Z,2.9,214.2,13.52,5.82,18.6,20.853,519
2022-05-13T00:00:00.000Z,2.5,83.03,5.69,4,7.72,8.085,522
2022-05-14T00:00:00.000Z,2.29,423.15,5.2,3.92,6.47,28.215,538
2022-05-15T00:00:00.000Z,2.78,104.88,6.5,4.84,9.73,10.371,522
2022-05-16T00:00:00.000Z,2.58,97.22,5.75,4.05,7.8,8.847,533
2022-05-17T00:00:00.000Z,2.58,91.05,5.07,3.65,7.45,7.093,514
2022-05-18T00:00:00.000Z,2.58,297.95,6.09,4.9,10.02,25.439,516
2022-05-19T00:00:00.000Z,2.02,206.4,3.42,2.92,10.05,14.569,505
2022-05-20T00:00:00.000Z,1.77,101,6.55,3.63,12.65,12.811,509
2022-05-21T00:00:00.000Z,2.29,118.53,6.05,3.95,13.2,11.98,523
2022-05-22T00:00:00.000Z,3.38,34.2,7.2,5.5,11.02,4.272,510
2022-05-23T00:00:00.000Z,1.95,17.07,4.3,3,8.55,3.32,528
2022-05-24T00:00:00.000Z,1.98,161.94,5.4,3.63,14.65,19.667,522
2022-05-25T00:00:00.000Z,2.29,293.02,5.85,4.05,16.77,24.547,507
2022-05-26T00:00:00.000Z,3.58,254.25,6.24,5.25,14.68,23.981,498
2022-05-27T00:00:00.000Z,4.13,86.35,6.45,5.78,7.19,6.761,493
2022-05-28T00:00:00.000Z,2.9,11.57,4.7,4.13,5.15,0.806,512
2022-05-29T00:00:00.000Z,2.7,14.2,4.34,3.83,4.84,1.227,427
2022-05-30T00:00:00.000Z,1.77,11.1,3.75,3.1,4.45,1.156,461
2022-05-31T00:00:00.000Z,2.6,14.02,4.26,3.7,5.62,1.829,488
2022-06-01T00:00:00.000Z,3.05,16.5,5.55,4.4,7.74,2.378,481
2022-06-02T00:00:00.000Z,2.54,11.57,6.19,4.44,8.96,2.413,120
2022-08-15T00:00:00.000Z,3.63,557.4,43.15,17.89,67.81,75.384,117
2022-08-16T00:00:00.000Z,2,117.82,4.05,3.1,5.8,11.474,566
2022-08-17T00:00:00.000Z,4.32,10.82,7,5.88,8.32,1.425,429
2022-08-18T00:00:00.000Z,3.72,117.22,6.57,5.82,7.55,8.624,466
2022-08-19T00:00:00.000Z,2.22,208.2,3.6,3.28,4.07,9.958,577
2022-08-20T00:00:00.000Z,1.6,684.58,4.03,2.5,9.89,60.503,529
2022-08-21T00:00:00.000Z,1.88,368.92,4.95,3.3,7.25,40.199,507
2022-08-22T00:00:00.000Z,1.85,113.3,3.85,2.95,4.93,13.077,339
2022-08-23T00:00:00.000Z,1.45,219.5,3.47,2.72,11.95,30.861,538
2022-08-24T00:00:00.000Z,0.95,376.77,2.6,1.55,14.75,42.228,480
2022-08-25T00:00:00.000Z,2.1,355.77,3.2,2.7,26.61,46.871,497
2022-08-26T00:00:00.000Z,2.95,300.17,4.43,3.96,5,19.349,545
2022-08-27T00:00:00.000Z,1.8,12.95,4.03,3.4,4.78,1.184,539
2022-08-28T00:00:00.000Z,2,385.55,4.05,3.28,5.72,37.338,531
2022-08-29T00:00:00.000Z,2.17,74.22,3.13,2.7,4.45,6.814,528
2022-08-30T00:00:00.000Z,2.8,283.45,5,4.2,6.03,19.173,536
2022-08-31T00:00:00.000Z,2.29,379.52,6.3,3.63,8.15,39.824,521
2022-09-01T00:00:00.000Z,1.38,64.43,3.22,2.75,3.85,3.499,487
2022-09-02T00:00:00.000Z,1.33,214.07,3.22,2,3.9,22.366,459
2022-09-03T00:00:00.000Z,1.8,74.75,3.97,3.17,4.95,5.467,382
2022-09-04T00:00:00.000Z,3,133.69,4.59,4.18,5.78,16.256,231
2022-09-05T00:00:00.000Z,1.77,12.65,4.92,3.63,6.43,1.741,340
2022-09-06T00:00:00.000Z,2.4,156.18,4.75,3.67,6.03,8.424,505
2022-09-07T00:00:00.000Z,3.17,143.18,4.84,4.05,6,9.478,504
2022-09-08T00:00:00.000Z,1.65,134.02,6.26,4.63,8.1,7.934,338
2022-09-09T00:00:00.000Z,1.25,80.81,3.47,2.4,5.2,6.9,461
2022-09-10T00:00:00.000Z,1.55,212.45,3.35,2.5,4.5,12.918,509
2022-09-11T00:00:00.000Z,1.38,117.43,2.78,2.29,3.5,14.173,517
2022-09-12T00:00:00.000Z,1.33,251,2.95,2.47,4.13,21.032,466
2022-09-13T00:00:00.000Z,1.05,443.7,3.42,2.63,4.45,29.855,487
2022-09-14T00:00:00.000Z,1.27,211.25,2.9,2.25,3.57,16.761,512
2022-09-15T00:00:00.000Z,0.95,186.43,3.8,1.9,6.6,9.667,475
2022-09-16T00:00:00.000Z,2.02,328.83,4.34,3.16,6.29,16.979,489
2022-09-17T00:00:00.000Z,0.68,39.54,4.25,1.38,5.15,3.376,473
2022-09-18T00:00:00.000Z,0.5,333.83,1.6,1.1,3.1,19.904,504
2022-09-19T00:00:00.000Z,1.3,193.75,2.49,1.88,3.9,14.035,484
2022-09-20T00:00:00.000Z,2.17,329.27,3.33,2.85,4.15,24.567,422
2022-09-21T00:00:00.000Z,1,115.85,1.83,1.6,2.1,10.508,454
2022-09-22T00:00:00.000Z,1.02,375.6,1.72,1.45,2.2,23.01,512
2022-09-23T00:00:00.000Z,1.12,14.4,2.04,1.8,3.23,1.612,506
2022-09-24T00:00:00.000Z,1.3,62.5,2.72,2.15,3.6,6.854,515
2022-09-25T00:00:00.000Z,1.65,74.45,3.1,2.6,3.95,6.946,492
2022-09-26T00:00:00.000Z,2.04,65.81,4.19,3.4,5.6,6.278,464
2022-09-27T00:00:00.000Z,2.02,85.65,3.6,2.92,4.22,6.205,504
2022-09-28T00:00:00.000Z,1.9,112.95,4.09,3.45,4.8,12.808,493
2022-09-29T00:00:00.000Z,1,207.55,2.72,2.2,3.25,12.888,481
2022-09-30T00:00:00.000Z,1.5,92.7,3.1,2.69,3.7,7.754,485
2022-10-01T00:00:00.000Z,1.02,85.38,2.45,1.95,3.55,8.096,459
2022-10-02T00:00:00.000Z,1.35,264.98,3.4,2.6,4.5,20.139,266
2022-10-03T00:00:00.000Z,1.73,187,4.47,3.33,6.2,19.577,255
2022-10-04T00:00:00.000Z,1.55,164.48,4.09,3.28,4.84,11.855,304
2022-10-05T00:00:00.000Z,2.45,14.82,4.67,3.87,8.34,2.8,300
2022-10-06T00:00:00.000Z,3.28,150.57,7.93,4.8,10.77,12.627,519
2022-10-07T00:00:00.000Z,3.88,208.15,7.78,6.1,12.07,12.924,494
2022-10-08T00:00:00.000Z,4.34,235.2,13.73,6.71,16.73,17.702,517
2022-10-09T00:00:00.000Z,4.2,222.18,14.54,7.46,19.14,18.861,524
2022-10-10T00:00:00.000Z,1.02,42.8,7.65,4.55,14.43,5.943,503
2022-10-11T00:00:00.000Z,5,58.83,9.32,7.43,11.43,4.257,506
2022-10-12T00:00:00.000Z,5.6,197.4,10.4,8.69,16.27,21.083,522
2022-10-13T00:00:00.000Z,7.45,104.9,15.75,13.83,17.48,9.404,533
2022-10-14T00:00:00.000Z,5.38,242.23,15.2,11.5,18.88,15.295,507
2022-10-15T00:00:00.000Z,5.07,152.65,13.23,10.85,18.13,14.544,523
2022-10-16T00:00:00.000Z,1.92,318.23,9.97,5.93,14.85,20.578,414
2022-10-17T00:00:00.000Z,7.3,213.3,10.95,9.52,15.93,12.457,522
2022-10-18T00:00:00.000Z,5.65,134.38,11.75,8.13,14,13.624,355
2022-10-21T00:00:00.000Z,6,186.23,11.45,9.9,13.06,12.468,504
2022-10-22T00:00:00.000Z,5.7,125.03,10.9,8.15,12.82,10.407,519
2022-10-23T00:00:00.000Z,9.68,166.9,14.3,12.75,17.02,11.773,533
2022-10-24T00:00:00.000Z,8.85,159.55,17.82,13.48,21.85,9.712,513
2022-10-25T00:00:00.000Z,10.32,273.75,19.52,14.7,23.2,26.532,507
2022-10-26T00:00:00.000Z,8.98,257.7,19.43,15.5,22.77,21.846,513
2022-10-27T00:00:00.000Z,5.32,254.2,14.27,10.6,18.94,20.401,513
2022-10-28T00:00:00.000Z,5.9,50.58,11.74,9.9,18.67,8.196,498
2022-10-29T00:00:00.000Z,2.8,36.6,12.2,6.23,14.01,4.968,508
2022-10-30T00:00:00.000Z,2.52,22.52,7.72,5.84,10.15,4.045,505
2022-10-31T00:00:00.000Z,2.7,21.1,6.93,5.07,9.9,4.021,521
2022-11-01T00:00:00.000Z,5.09,283.83,8.94,7.79,17.73,22.977,496
2022-11-02T00:00:00.000Z,3.78,139.13,12.8,10.42,17.39,12.438,504
2022-11-03T00:00:00.000Z,6.22,164.7,16.67,12.67,20.07,14.411,545
2022-11-04T00:00:00.000Z,2.02,53.4,7.01,4.07,10.45,6.445,498
2022-11-05T00:00:00.000Z,1.08,56.1,2.15,1.75,2.91,4.958,501
2022-11-06T00:00:00.000Z,1.2,36.78,2.1,1.73,3.94,2.585,500
2022-11-07T00:00:00.000Z,0.98,210.7,5.55,4.4,9.05,20.921,532
2022-11-08T00:00:00.000Z,1.35,335.25,6.97,4.45,10.82,32.854,511
2022-11-09T00:00:00.000Z,4.59,238.93,8.69,7.55,21.5,23.149,520
2022-11-10T00:00:00.000Z,3,130.1,10.16,7.76,17.59,8.326,524
2022-11-11T00:00:00.000Z,3.7,217.82,11,7.7,16.13,16.581,506
2022-11-12T00:00:00.000Z,3.1,88.5,8,7.07,19.92,10.122,532
2022-11-13T00:00:00.000Z,2.29,107.4,8.1,6.03,11.95,10.939,531
2022-11-14T00:00:00.000Z,2.9,59.7,7.49,4.97,13.32,6.813,530
2022-11-15T00:00:00.000Z,4.1,137.9,10.07,8.34,13.33,11.902,520
2022-11-16T00:00:00.000Z,5.4,439.67,12.32,8.44,15.64,26.46,517
2022-11-17T00:00:00.000Z,2.1,152.32,9,4.05,16.82,15.882,522
2022-11-18T00:00:00.000Z,2,250.95,3.89,2.94,8.28,18.889,520
2022-11-19T00:00:00.000Z,1.5,91.7,3.17,2.45,4.04,9.274,485
2022-11-20T00:00:00.000Z,0.9,15.38,2.13,1.67,3.1,1.996,530
2022-11-21T00:00:00.000Z,1.5,93.22,3.42,2.88,4.25,6.889,509
2022-11-22T00:00:00.000Z,0.77,229.07,2.33,1.8,3.32,11.843,516
2022-11-23T00:00:00.000Z,1.45,297.2,5.82,3.49,14.54,23.5,513
2022-11-24T00:00:00.000Z,2.1,197.23,7.97,5.47,13.05,24.981,527
2022-11-25T00:00:00.000Z,4.18,84.35,9.15,6.38,12.75,10.338,503
2022-11-26T00:00:00.000Z,0.93,76.8,2.47,1.73,3.15,6.074,504
2022-11-27T00:00:00.000Z,1.4,36.65,2.5,1.95,6.04,4.223,521
2022-11-28T00:00:00.000Z,2.5,98.82,6.93,6.03,17.35,9.884,478
2022-11-29T00:00:00.000Z,3.7,85.13,15.4,10.6,19.09,9.015,421
2022-11-30T00:00:00.000Z,4.34,25.65,10.56,8.56,12.63,2.858,524
2022-12-01T00:00:00.000Z,8.23,178.68,11.48,10.42,26.82,17.861,477
2022-12-02T00:00:00.000Z,4.5,35.95,22.88,17.35,26.67,7.82,545
2022-12-03T00:00:00.000Z,0.9,104.13,3.15,2,7.7,7.664,557
2022-12-04T00:00:00.000Z,0.9,146.38,2.9,1.98,9,12.221,515
2022-12-05T00:00:00.000Z,3.53,25.13,6.46,5.14,11.95,5.545,504
2022-12-06T00:00:00.000Z,4.09,32.4,11.34,7.6,15.27,7.279,534
2022-12-07T00:00:00.000Z,5.45,37.92,12.9,9.15,16.63,5.089,527
2022-12-08T00:00:00.000Z,2.63,47.67,7.8,4.68,17.38,9.564,519
2022-12-09T00:00:00.000Z,4.63,15.25,8.03,6.85,9.22,1.795,508
2022-12-10T00:00:00.000Z,1.1,14.1,7.65,3.37,9.64,3.42,512
2022-12-11T00:00:00.000Z,2.42,103.1,6.47,4.57,10.25,7.952,510
2022-12-12T00:00:00.000Z,2.08,36.29,9.15,5.97,18.57,8.648,494
2022-12-13T00:00:00.000Z,1.35,19.77,6.85,3.13,10.85,4.88,511
2022-12-14T00:00:00.000Z,2.7,116.25,8.8,6.8,12.25,8.02,497
2022-12-15T00:00:00.000Z,1.75,94.25,10.34,5,13.94,9.619,516
2022-12-16T00:00:00.000Z,2.22,162.22,3.97,3.3,5.27,14.261,489
2022-12-17T00:00:00.000Z,1.4,76.15,4,2.72,12.18,7.564,515
2022-12-18T00:00:00.000Z,2.08,290.1,12.27,7.9,15.77,18.206,507
2022-12-19T00:00:00.000Z,3.67,73.13,10.85,9.09,19.05,8.786,509
2022-12-20T00:00:00.000Z,7.32,50.8,15.68,11.95,23.23,9.532,530
2022-12-21T00:00:00.000Z,10.25,51.63,18.73,14.43,28.48,9.155,486
2022-12-22T00:00:00.000Z,3.25,184.8,20.94,16.17,33.85,17.802,510
2022-12-23T00:00:00.000Z,4.5,57.83,17.55,14.43,26,10.241,370
2022-12-24T00:00:00.000Z,4.15,217.55,19.29,17.05,30.37,23.441,464
2022-12-25T00:00:00.000Z,9.65,90.75,22.45,17.59,36.75,12.78,489
2022-12-26T00:00:00.000Z,5.53,58.78,23.2,16.42,30.64,9.153,393
2022-12-27T00:00:00.000Z,5.32,48.55,23.92,20.13,34.78,9.321,430
2022-12-28T00:00:00.000Z,3.95,53.2,23.4,10.5,30.05,11.76,475
2022-12-29T00:00:00.000Z,3.95,93.85,20.7,9.23,25.75,11.044,507
2022-12-30T00:00:00.000Z,4.93,106.5,12.31,7.24,23.03,11.105,428
2022-12-31T00:00:00.000Z,5,408.35,27.75,20.14,34.9,68.594,453
2023-01-01T00:00:00.000Z,9.73,390.33,26.04,17.14,43.7,80,486
2023-01-02T00:00:00.000Z,16.98,68.93,25.38,21.12,36.22,12.708,493
2023-01-03T00:00:00.000Z,16.02,72.05,23.35,20.64,33.71,11.449,421
2023-01-04T00:00:00.000Z,13.02,60.8,27.45,20.26,43.49,12.224,480
2023-01-05T00:00:00.000Z,15.52,51.65,23.65,20.38,35.9,9.377,501
2023-01-06T00:00:00.000Z,15.35,76.63,28.54,21.88,44.33,15.1,502
2023-01-07T00:00:00.000Z,6.82,292.8,22.27,13.25,32.42,25.627,499
2023-01-08T00:00:00.000Z,2.85,56,10.93,5.4,44.36,19.405,529
2023-01-09T00:00:00.000Z,1.3,14.23,6.9,4.28,9.32,2.731,494
2023-01-10T00:00:00.000Z,0.98,15.52,3.99,2.04,8.44,3.967,530
2023-01-11T00:00:00.000Z,2.97,102.05,11.24,6.45,18,9.709,482
2023-01-12T00:00:00.000Z,2.9,37.83,11.4,5.6,17.32,8.2,515
2023-01-13T00:00:00.000Z,7.5,32.28,13.34,11.68,14.88,4.906,456
2023-01-14T00:00:00.000Z,2.5,52.5,19.05,7.38,21.92,12.428,523
2023-01-15T00:00:00.000Z,2.52,202.85,13.55,8.64,17.5,14.012,448
2023-01-16T00:00:00.000Z,1.73,8.38,2.9,2.49,3.55,0.775,480
2023-01-17T00:00:00.000Z,1.08,55.53,3.4,2.4,4.45,4.81,507
2023-01-18T00:00:00.000Z,1.23,7.63,2.29,2,2.85,1.016,421
2023-01-19T00:00:00.000Z,1.67,66.56,3.88,2.85,7.25,6.47,539
2023-01-20T00:00:00.000Z,1.25,10.07,4.07,2.8,5.8,1.869,519
2023-01-21T00:00:00.000Z,1.6,8.57,3.05,2.35,5.38,1.917,484
2023-01-22T00:00:00.000Z,3.2,24.95,10.02,8.68,11.25,4.268,551
2023-01-23T00:00:00.000Z,1.5,25.08,8.89,4.59,10.98,5.507,442
2023-01-24T00:00:00.000Z,2.52,20.77,12.43,8.77,16.23,4.636,514
2023-01-25T00:00:00.000Z,2.38,14.05,7.4,5.31,9.35,2.506,476
2023-01-26T00:00:00.000Z,2.08,16.14,4.68,3.97,7.65,2.566,532
2023-01-27T00:00:00.000Z,4.15,19.7,9.3,8.44,11.51,2.808,405
2023-01-28T00:00:00.000Z,6.68,79.72,9.47,8,11.7,5.729,516
2023-01-29T00:00:00.000Z,4.18,18.55,8.69,7.38,10.25,2.905,511
2023-01-30T00:00:00.000Z,4.4,43.6,15.18,12.54,16.69,8.531,489
2023-01-31T00:00:00.000Z,2.25,49.95,19.38,8.64,27.9,11.185,488
2023-02-01T00:00:00.000Z,3.22,304,16.14,13.48,28.69,30.442,497
2023-02-02T00:00:00.000Z,3.4,98.5,15.13,7.64,19.14,15.159,505
2023-02-03T00:00:00.000Z,3.1,127.38,18.88,11.94,28.17,14.971,381
2023-02-04T00:00:00.000Z,2.88,59.8,20.69,5.34,28.17,11.658,564
2023-02-05T00:00:00.000Z,1.2,9,2.39,2.02,3.83,1.325,466
2023-02-06T00:00:00.000Z,1.3,69.43,2.42,1.9,4.93,3.751,438
2023-02-07T00:00:00.000Z,2.4,102.43,4.22,3.65,9.27,10.102,455
2023-02-08T00:00:00.000Z,3.35,50.95,6.34,5.35,7.68,3.262,392
2023-02-09T00:00:00.000Z,2.5,16,6.17,5.12,9.19,2.953,460
2023-02-10T00:00:00.000Z,5.09,27.27,13.75,11.51,15.93,3.828,476
2023-02-11T00:00:00.000Z,7.63,96.03,15.7,13.63,17.05,8.847,430
2023-02-12T00:00:00.000Z,12.05,293.83,29.65,20.88,42.92,18.132,491
2023-02-13T00:00:00.000Z,3.33,55.72,17.84,8.14,28.04,11.366,372
2023-02-14T00:00:00.000Z,6.47,405.33,22.23,15.73,29.05,30.457,427
2023-02-15T00:00:00.000Z,13.6,453.73,26.75,21.46,31.83,33.873,369
2023-02-16T00:00:00.000Z,15.82,358.7,46.08,37.15,53.99,32.112,417
2023-02-17T00:00:00.000Z,7.72,115.28,37.24,22.42,45.07,14.8,384
2023-02-18T00:00:00.000Z,7.4,314.6,29.58,21.92,35.39,21.102,509
2023-02-19T00:00:00.000Z,3.95,44.22,23.63,10.03,32.33,12.052,429
2023-02-20T00:00:00.000Z,6.53,232.48,23.05,15.97,31.08,15.511,516
2023-02-21T00:00:00.000Z,4.45,173.68,18.77,6.88,30.29,15.357,501
2023-02-22T00:00:00.000Z,7.3,157.72,27.75,13.51,32.82,13.424,389
2023-02-23T00:00:00.000Z,4.7,91.88,26.58,8.93,32.42,12.616,379
2023-02-24T00:00:00.000Z,10.9,149.69,30.52,22.13,33.38,14.305,481
2023-02-25T00:00:00.000Z,6.65,244.77,15.8,10.55,20.17,16.258,409
2023-02-26T00:00:00.000Z,1.08,43.15,3.85,2.6,5.85,4.673,493
2023-02-27T00:00:00.000Z,0.7,38.7,2.83,1.75,6.17,4.122,505
2023-02-28T00:00:00.000Z,1.63,49.8,4.03,3.22,4.8,3.929,424
2023-03-01T00:00:00.000Z,1.1,91.3,2.63,1.8,7.05,7.825,523
2023-03-02T00:00:00.000Z,0.9,84.68,4.07,2.2,6.18,8.327,517
2023-03-03T00:00:00.000Z,1.3,118.78,3.7,2.09,5.99,7.182,293
2023-03-04T00:00:00.000Z,2.4,310.02,8.1,7.03,12.68,23.328,482
2023-03-05T00:00:00.000Z,2.85,216.5,13.32,8.3,14.5,12.387,538
2023-03-06T00:00:00.000Z,2.13,124.95,7.25,3.9,9.68,8.114,520
2023-03-07T00:00:00.000Z,2.72,118.4,5.38,4.25,7.57,10.389,282
2023-03-08T00:00:00.000Z,2.2,176.77,4.95,4.34,5.7,17.411,341
2023-03-09T00:00:00.000Z,1.55,323.2,4.76,2.97,6.72,16.099,472
2023-03-10T00:00:00.000Z,2.4,143.97,6.99,5.7,9.75,12.559,550
2023-03-11T00:00:00.000Z,2.97,95.25,8.18,7.05,11.35,6.094,525
2023-03-12T00:00:00.000Z,1.83,33.45,8.35,4.7,13.43,7.953,521
2023-03-13T00:00:00.000Z,1.63,166.85,8.57,5.28,11.25,11.531,539
2023-03-14T00:00:00.000Z,2.2,93.75,7.19,4.7,9.82,10.522,402
2023-03-15T00:00:00.000Z,0.73,45.83,2.13,1.48,6.28,4.741,514
2023-03-16T00:00:00.000Z,0.95,28.17,1.9,1.52,2.5,1.951,512
2023-03-17T00:00:00.000Z,1.73,182.38,4.09,2.8,6.13,14.833,463
2023-03-18T00:00:00.000Z,2.17,162.85,11.43,7.9,14.38,14.654,378
2023-03-19T00:00:00.000Z,3.08,270.7,7.92,5.22,12.27,22.456,508
2023-03-20T00:00:00.000Z,1.73,108.65,10.34,5.35,18.14,11.059,514
2023-03-21T00:00:00.000Z,1.55,298.42,10.6,3.38,18.64,17.2,531
2023-03-22T00:00:00.000Z,4.25,134.25,13.52,8.02,17.3,11.102,526
2023-03-23T00:00:00.000Z,1.83,354.5,11.05,5.57,24.75,24.833,515
2023-03-24T00:00:00.000Z,2.9,25.23,10.23,4.7,14.65,5.46,503
2023-03-25T00:00:00.000Z,3.2,178.73,9.35,5.24,16.97,11.805,501
2023-03-26T00:00:00.000Z,2.2,103.63,8.66,4.07,20.25,9.764,396
2023-03-27T00:00:00.000Z,0.75,107.78,3.72,2.45,8.02,9.672,471
2023-03-28T00:00:00.000Z,1,59.67,2.16,1.48,3.66,4.54,500
2023-03-29T00:00:00.000Z,1.38,413.23,6.24,2.17,8.93,20.526,438
2023-03-30T00:00:00.000Z,1.7,163.19,5,3.5,6.07,10.289,495
2023-03-31T00:00:00.000Z,3,96.82,6.15,5.34,7.85,9.38,500
2023-04-01T00:00:00.000Z,2.75,68.31,6.89,4.32,8.6,5.202,326
2023-04-02T00:00:00.000Z,2.17,169.07,5.55,4.09,7,14.179,431
2023-04-03T00:00:00.000Z,0.8,85.88,1.95,1.63,2.33,5.338,531
2023-04-04T00:00:00.000Z,1.3,116.38,2.67,2.17,5.04,10.149,560
2023-04-05T00:00:00.000Z,2.29,77.06,4.32,3.67,6.15,8.118,563
2023-04-06T00:00:00.000Z,2.8,209.8,5.8,4.2,9.1,15.81,543
2023-04-07T00:00:00.000Z,1.95,220.32,6.94,4.55,10.23,15.84,556
2023-04-08T00:00:00.000Z,0.95,55.1,3,1.85,6.35,4.958,574
2023-04-09T00:00:00.000Z,1.9,63.13,4.3,2.9,7.38,4.046,574
2023-04-10T00:00:00.000Z,2.88,36.83,5.09,4.2,7.18,4.102,474
2023-04-11T00:00:00.000Z,2.27,101.82,7.84,3.8,9.9,8.253,578
2023-04-12T00:00:00.000Z,3.28,175.07,7.5,4.82,10.44,13.518,572
2023-04-13T00:00:00.000Z,2,322.73,4.45,3.35,6.11,19.363,581
2023-04-14T00:00:00.000Z,0.95,111.97,3.08,2.33,5.18,7.416,578
2023-04-15T00:00:00.000Z,1.3,81.63,4.4,3.58,6.65,7.291,578
2023-04-16T00:00:00.000Z,0.6,25.35,1.52,1.2,1.92,1.808,580
2023-04-17T00:00:00.000Z,0.9,41.28,2.69,2,4.18,3.361,574
2023-04-18T00:00:00.000Z,1.4,77.65,5.43,4.4,13.65,7.26,585
2023-04-19T00:00:00.000Z,2.9,164.7,7.25,5.13,11.48,14.818,493
2023-04-20T00:00:00.000Z,2.65,121.82,7.97,3.78,13.43,12.821,590
2023-04-21T00:00:00.000Z,2.04,19.48,5.68,4.32,10.8,4.938,519
2023-04-22T00:00:00.000Z,2.25,15.27,4.97,3.25,6.32,1.831,511
2023-04-23T00:00:00.000Z,2.04,27.13,7.67,4.4,10.73,4.454,374
2023-04-24T00:00:00.000Z,1.8,9.07,4.82,3.65,6.03,1.492,576
2023-04-25T00:00:00.000Z,1.63,123.05,3.63,2.9,5.54,13.181,584
2023-04-26T00:00:00.000Z,1,375.7,2.65,1.9,3.2,24.402,583
2023-04-27T00:00:00.000Z,0.93,141.88,3.3,2,5.13,11.82,579
2023-04-28T00:00:00.000Z,0.9,7.65,3.9,2,4.97,1.687,400
2023-04-29T00:00:00.000Z,2.2,168.63,4.84,3.33,5.75,11.807,571
2023-04-30T00:00:00.000Z,3.13,102.65,9.09,6.72,10.5,7.162,418
2023-05-01T00:00:00.000Z,2.22,88.28,6.05,4.2,7.63,6.623,567
2023-05-02T00:00:00.000Z,1.17,62.8,5.38,4.18,9.03,6.708,564
2023-05-03T00:00:00.000Z,1.5,23.23,5.03,3.32,12.59,6.353,413
2023-05-04T00:00:00.000Z,3.1,212.3,4.84,4.28,6.47,17.933,580
2023-05-05T00:00:00.000Z,3.45,117.57,7.46,4.92,10.67,9.046,412
2023-05-06T00:00:00.000Z,1.9,210.57,5.72,3.38,10.55,16.717,554
2023-05-07T00:00:00.000Z,2.08,96.4,4.05,2.83,6.7,8.29,430
2023-05-08T00:00:00.000Z,3.8,142.69,8.38,7.15,9.98,9.373,506
2023-05-09T00:00:00.000Z,3.1,120.68,5.95,4.57,14.27,13.051,534
2023-05-10T00:00:00.000Z,1.42,145.55,4.43,3.47,6.71,10.544,568
2023-05-11T00:00:00.000Z,1.2,171.15,3.75,2.58,5.65,18.281,567
2023-05-12T00:00:00.000Z,1.3,273.35,2.88,2.22,5.68,22.112,556
2023-05-13T00:00:00.000Z,2,182.35,3.92,2.89,7.47,11.77,496
2023-05-14T00:00:00.000Z,1.2,124.57,3.25,2.33,5.88,12.085,573
2023-05-15T00:00:00.000Z,0.93,97.07,2.73,1.75,5.09,9.096,570
2023-05-16T00:00:00.000Z,0.95,298.83,1.65,1.42,2,25.335,451
2023-05-17T00:00:00.000Z,0.6,168.25,4.38,1.6,7.62,14.416,561
2023-05-18T00:00:00.000Z,1.4,292.89,8.64,5.78,15.25,24.767,576
2023-05-19T00:00:00.000Z,1.9,63.72,5.43,4.75,6.35,5.346,571
2023-05-20T00:00:00.000Z,3.53,257.64,5.38,4.68,12.34,19.055,585
2023-05-21T00:00:00.000Z,3.45,378.98,6.65,4.95,12.32,19.137,571
2023-05-22T00:00:00.000Z,4.18,135.6,11.2,5.82,13.57,9.843,531
2023-05-23T00:00:00.000Z,5.09,17.75,9,6.8,10.8,2.329,571
2023-05-24T00:00:00.000Z,4.78,173.68,8.47,6.77,11.2,9.468,580
2023-05-25T00:00:00.000Z,3.9,15.4,7.55,6.74,9.18,1.996,529
2023-05-26T00:00:00.000Z,4.07,15.68,6.75,5.75,7.81,1.544,425
2023-05-27T00:00:00.000Z,3.3,19.85,5.7,4.8,8.13,2.664,461
2023-05-28T00:00:00.000Z,4.8,10.52,7.2,6.4,8.15,1.134,487
2023-05-29T00:00:00.000Z,3.92,9.9,6.28,5.6,7.18,1.052,503
2023-05-30T00:00:00.000Z,4.13,9.94,6.32,5.53,7.29,1.239,573
2023-05-31T00:00:00.000Z,3.63,10.9,6.31,5.19,7.82,1.566,352
2023-06-01T00:00:00.000Z,2.88,12.3,6.25,4.79,7.68,1.954,565
2023-06-02T00:00:00.000Z,4.95,13.85,7.82,6.75,9.5,1.74,577
2023-06-03T00:00:00.000Z,4.68,21.13,8.52,6.15,11.81,4.118,464
2023-06-04T00:00:00.000Z,4.03,23.23,9.02,7.89,11.47,2.967,580
2023-06-05T00:00:00.000Z,4.05,76.81,6.89,5.8,8.27,6.717,578
2023-06-06T00:00:00.000Z,2.27,193.48,5.97,4.09,9.65,18.492,361
2023-06-07T00:00:00.000Z,2.8,138.69,7,5.17,10.37,12.772,576
2023-06-08T00:00:00.000Z,2.4,105.75,6.63,4.47,9.19,12.283,435
2023-06-09T00:00:00.000Z,2.7,88.65,7.35,4.72,11.04,11.802,524
2023-06-10T00:00:00.000Z,2.85,150.44,8.02,4.71,11.15,11.683,544
2023-06-11T00:00:00.000Z,2.7,83.7,5.43,3.92,6.47,8.537,499
2023-06-12T00:00:00.000Z,1.77,77.05,4.8,4.07,5.53,5.899,366
2023-06-13T00:00:00.000Z,2.4,58.8,4.95,3.8,7.05,4.723,548
2023-06-14T00:00:00.000Z,2.65,59.55,4.34,3.78,5,3.656,566
2023-06-15T00:00:00.000Z,1.5,195.57,4.48,2.78,7.38,13.186,574
2023-06-16T00:00:00.000Z,3.63,42.22,6.2,4.78,8.77,3.777,575
2023-06-17T00:00:00.000Z,3.85,490,6.13,5.3,17.63,29.255,577
2023-06-18T00:00:00.000Z,3.8,304.1,7.63,6.32,12.15,24.437,575
2023-06-19T00:00:00.000Z,4.3,147.44,9.27,7.38,12.3,17.505,343
2023-06-20T00:00:00.000Z,4.07,616.1,8.27,5.53,13.6,34.953,567
2023-06-21T00:00:00.000Z,4.84,299.14,7.9,6.6,12.1,25.038,575
2023-06-22T00:00:00.000Z,3.6,241.93,7.5,6.47,9.49,14.87,581
2023-06-23T00:00:00.000Z,4.68,178.2,7.96,6.59,10.62,13.927,564
2023-06-24T00:00:00.000Z,3.45,98.4,8.05,5.85,10.57,8.375,571
2023-06-25T00:00:00.000Z,2.78,171.52,3.85,3.42,4.38,11.814,587
2023-06-26T00:00:00.000Z,4,627.85,5.28,4.8,6.4,42.699,508
2023-06-27T00:00:00.000Z,4.95,114.25,7.93,7.05,9.65,9.911,579
2023-06-28T00:00:00.000Z,5.55,207.57,7.5,6.72,8.8,11.805,582
2023-06-29T00:00:00.000Z,5.8,16.35,8.75,8.07,10.18,1.525,586
2023-06-30T00:00:00.000Z,6.63,15.6,9.18,8.24,10.14,1.39,581
2023-07-01T00:00:00.000Z,3.8,12.07,7.38,6.18,8.28,1.743,381
2023-07-02T00:00:00.000Z,3.88,114.63,7.15,5.68,12.37,11.612,584
2023-07-03T00:00:00.000Z,3.58,173.05,8.38,5.88,10.45,12.7,558
2023-07-04T00:00:00.000Z,5,203.98,8.35,6.88,9.75,14.097,417
2023-07-05T00:00:00.000Z,3.42,88.88,10.02,7.23,13.35,9.318,541
2023-07-06T00:00:00.000Z,3.55,69.56,5.47,4.76,6.5,4.562,277
2023-07-07T00:00:00.000Z,3.55,179.23,6.05,4.72,8.1,18.644,530
2023-07-08T00:00:00.000Z,4.63,11.95,6.7,6.06,7.28,1.177,345
2023-07-09T00:00:00.000Z,4.2,170.65,8.69,6.74,10.81,15.335,364
2023-07-10T00:00:00.000Z,3.53,139.19,6.03,5.6,6.5,8.845,351
2023-07-11T00:00:00.000Z,3.33,142.43,6.38,5.03,7.13,11.663,540
2023-07-12T00:00:00.000Z,3.78,135.3,5.55,5.05,6.13,7.972,551
2023-07-13T00:00:00.000Z,3.2,127.1,5.21,4.4,5.87,8.708,540
2023-07-14T00:00:00.000Z,5.05,250.38,6.74,6.13,7.59,15.329,528
2023-07-15T00:00:00.000Z,6,372.42,8.4,7.5,10.15,31.212,576
2023-07-16T00:00:00.000Z,3.6,228.73,7.25,5.88,9.19,14.932,575
2023-07-17T00:00:00.000Z,5.05,721.95,6.93,6.38,7.83,55.141,330
2023-07-18T00:00:00.000Z,5.03,197,8.23,7.18,9.93,16.388,575
2023-07-19T00:00:00.000Z,4.84,14.88,8.19,7.22,8.93,1.267,466
2023-07-20T00:00:00.000Z,6.13,135.52,9.27,8.19,10.3,13.626,573
2023-07-21T00:00:00.000Z,5.32,253.73,8.23,7.18,9.32,13.002,581
2023-07-22T00:00:00.000Z,4.78,95.18,7.19,6.37,8.05,7.162,582
2023-07-23T00:00:00.000Z,4.5,13.55,7.13,6.4,8.1,1.263,582
2023-07-24T00:00:00.000Z,4.82,98.35,7.43,6.78,8.69,7.127,583
2023-07-25T00:00:00.000Z,2.75,9.57,6.71,5.5,7.5,1.441,582
2023-07-26T00:00:00.000Z,2.04,82.45,3.22,2.85,4.18,5.824,581
2023-07-27T00:00:00.000Z,1.9,192.2,3.8,3.28,4.32,18.208,579
2023-07-28T00:00:00.000Z,1.77,355.6,2.92,2.4,3.67,18.813,581
2023-07-29T00:00:00.000Z,2.15,6.3,3.1,2.78,3.5,0.642,485
2023-07-30T00:00:00.000Z,2.67,8.15,3.83,3.4,4.25,0.803,406
2023-07-31T00:00:00.000Z,2.7,12.15,4.44,3.6,5.47,1.865,582
2023-08-01T00:00:00.000Z,3.65,8.43,5.25,4.87,5.81,0.811,233
2023-08-06T00:00:00.000Z,3.55,9.05,4.79,4.34,5.35,0.791,110
2023-08-07T00:00:00.000Z,1.77,294.92,4,3.15,5.78,16.27,581
2023-08-08T00:00:00.000Z,1.5,162.82,2.9,2.42,3.6,12.585,587
2023-08-09T00:00:00.000Z,1.58,228.43,3.1,2.45,5.07,18.652,582
2023-08-10T00:00:00.000Z,1.73,136.69,3.19,2.72,3.92,15.114,566
2023-08-11T00:00:00.000Z,1.7,6.93,3.1,2.52,3.8,1.031,575
2023-08-12T00:00:00.000Z,2.1,6,3.03,2.65,3.78,0.703,588
2023-08-13T00:00:00.000Z,2.1,7.8,3.78,3.33,4.59,1.171,582
2023-08-14T00:00:00.000Z,1.92,8.82,4.2,2.97,5.15,1.559,587
2023-08-15T00:00:00.000Z,2.42,7.32,4.15,3.1,5.2,1.248,587
2023-08-16T00:00:00.000Z,2.95,263.64,5.97,4.2,6.95,13.837,586
2023-08-17T00:00:00.000Z,2.38,103.07,6.43,5.7,7.82,9.053,584
2023-08-18T00:00:00.000Z,3.5,79.84,6.22,5.35,7.47,9.541,585
2023-08-19T00:00:00.000Z,3.67,20.55,6.81,4.95,8.26,2.007,584
2023-08-20T00:00:00.000Z,4.78,76.68,10.77,7.45,12.3,4.046,563
2023-08-21T00:00:00.000Z,10.77,22.17,14.25,13.32,15.69,1.746,184
2023-08-24T00:00:00.000Z,5.72,108.32,8.8,7.93,10.62,10.546,328
2023-08-25T00:00:00.000Z,5.88,145.02,9.77,8.44,11.63,10.915,582
2023-08-26T00:00:00.000Z,6.9,124.22,12.63,9.59,14.69,8.476,585
2023-08-27T00:00:00.000Z,7.4,101.93,12.65,11,15.42,8.552,573
2023-08-28T00:00:00.000Z,1.9,63.13,3.6,3.03,12.13,8.967,583
2023-08-29T00:00:00.000Z,1.85,103.72,3.55,3.03,4.78,8.602,583
2023-08-30T00:00:00.000Z,1.8,107.7,3.63,2.95,4.47,13.293,583
2023-08-31T00:00:00.000Z,2.25,208.38,4.5,3.45,6.28,19.136,574
2023-09-01T00:00:00.000Z,1.98,136.77,4.15,3.08,5.22,12.848,573
2023-09-02T00:00:00.000Z,2.29,237.23,3.85,3.22,4.68,23.722,574
2023-09-03T00:00:00.000Z,2.75,189.18,5.37,4.19,7.53,20.561,576
2023-09-04T00:00:00.000Z,2.1,266.38,4.09,3.05,5.9,12.782,576
2023-09-05T00:00:00.000Z,1.83,78.38,3.03,2.72,3.42,3.847,577
2023-09-06T00:00:00.000Z,2.67,227.95,5.63,4.05,7.88,14.315,579
2023-09-07T00:00:00.000Z,3.3,10.25,5.57,4.63,6.47,1.403,587
2023-09-08T00:00:00.000Z,3.85,295.45,6.55,5.6,7.32,19.182,583
2023-09-09T00:00:00.000Z,5.15,242.38,7.97,7.28,10.24,18.131,577
2023-09-10T00:00:00.000Z,3.97,776.1,8.32,6.5,10.48,62.588,579
2023-09-11T00:00:00.000Z,3.45,294.67,7.18,5.42,10.74,30.905,585
2023-09-12T00:00:00.000Z,3.85,276.1,11.6,9.02,14.13,27.008,575
2023-09-13T00:00:00.000Z,4.8,227,11.25,7.28,17.05,26.786,552
2023-09-14T00:00:00.000Z,4.2,482.17,9.43,7.15,15.02,43.981,574
2023-09-15T00:00:00.000Z,4.25,349.4,10.9,6.53,16.57,33.199,566
2023-09-16T00:00:00.000Z,5.07,169.27,13.35,10.43,22.14,18.47,581
2023-09-17T00:00:00.000Z,4.93,443.9,11.63,7.6,16.77,42.23,582
2023-09-18T00:00:00.000Z,2.5,143.88,9.23,5.97,10.47,13.813,565
2023-09-19T00:00:00.000Z,2.63,158.35,8.36,4.43,16.1,23.259,562
2023-09-20T00:00:00.000Z,2.52,10.45,5.18,4.32,5.97,1.409,549
2023-09-21T00:00:00.000Z,2.13,291.48,4.07,3.3,5.43,19.376,578
2023-09-22T00:00:00.000Z,2.08,15.55,7.65,6.64,9.49,2.181,577
2023-09-23T00:00:00.000Z,1.2,8.15,3.03,2.2,3.65,0.982,582
2023-09-24T00:00:00.000Z,0.5,4.47,1.55,1.2,2.33,0.734,573
2023-09-25T00:00:00.000Z,0.9,65.22,2.15,1.4,2.78,3.552,577
2023-09-26T00:00:00.000Z,1.8,197.8,3.8,2.88,8.6,14.795,554
2023-09-27T00:00:00.000Z,3.5,380.25,7.93,5.95,8.6,25.611,570
2023-09-28T00:00:00.000Z,6.35,330.42,9.13,8.23,29.1,45.273,579
2023-09-29T00:00:00.000Z,4.43,238.98,10.34,6.29,12.39,18.379,588
2023-09-30T00:00:00.000Z,5.18,101.25,9.13,7.64,10.51,11.561,573
2023-10-01T00:00:00.000Z,7.82,17.89,10.96,9.84,14.7,2.641,172
2023-12-11T00:00:00.000Z,5.7,21.35,14.06,12.54,16.04,2.721,160
2023-12-12T00:00:00.000Z,2.54,22.3,5.97,4.42,8.51,3.694,581
2023-12-13T00:00:00.000Z,1.7,110.8,3.58,2.72,4.38,9.835,590
2023-12-14T00:00:00.000Z,1.38,50.08,3.53,2.25,5.27,3.386,583
2023-12-15T00:00:00.000Z,0.9,30.08,2.25,1.77,3.67,2.083,586
2023-12-16T00:00:00.000Z,0.85,8.32,1.7,1.45,2.6,0.971,579
2023-12-17T00:00:00.000Z,1.7,112.07,3.72,2.75,7.78,11.66,587
2023-12-18T00:00:00.000Z,3.95,50.8,9.8,6.85,15.5,8.278,586
2023-12-19T00:00:00.000Z,5.43,257.83,21.92,12.93,28.15,20.356,579
2023-12-20T00:00:00.000Z,6.75,174.8,27.94,19.41,33.6,14.626,584
2023-12-21T00:00:00.000Z,7.22,75.38,29,17.42,38.74,11.887,589
2023-12-22T00:00:00.000Z,2.9,11.95,5.84,4.53,6.95,1.875,190
2024-01-01T00:00:00.000Z,2.92,128.6,10.43,4.57,20.5,14.252,580
2024-01-02T00:00:00.000Z,3.08,85.55,7.2,5.03,8.51,6.54,488
2024-01-03T00:00:00.000Z,1.9,25.73,4.63,3.39,6.1,2.189,576
2024-01-04T00:00:00.000Z,2.67,60.65,7.78,5.8,11.93,7.258,586
2024-01-05T00:00:00.000Z,2.22,34.17,5.63,4.43,8.23,5.281,573
2024-01-06T00:00:00.000Z,1.88,34.63,5.4,3.46,9.72,5.15,589
2024-01-07T00:00:00.000Z,1.9,23.23,9.3,5.05,13.73,5.715,583
2024-01-08T00:00:00.000Z,1.2,13.77,4,2.92,5.74,1.904,585
2024-01-09T00:00:00.000Z,2.38,64.65,6,4.5,9.38,4.508,587
2024-01-10T00:00:00.000Z,7.07,29.38,11.52,10.07,16.75,4.057,586
2024-01-11T00:00:00.000Z,4,70.09,8.9,7.68,11.15,4.709,581
2024-01-12T00:00:00.000Z,3.38,225.6,7.97,5.4,11.52,10.597,586
2024-01-13T00:00:00.000Z,3.5,94.15,5.9,4.93,12.03,13.524,584
2024-01-14T00:00:00.000Z,4.43,95.88,12.74,7.55,16.32,9.24,582
2024-01-15T00:00:00.000Z,5.18,43.35,11.82,7.43,24.66,9.239,576
2024-01-16T00:00:00.000Z,3.55,230.85,9.94,8.15,14.38,14.804,547
2024-01-17T00:00:00.000Z,2.1,709.35,7.53,6.35,10.38,45.093,582
2024-01-18T00:00:00.000Z,4.65,14.68,7.3,6.4,8.48,1.541,506
2024-01-19T00:00:00.000Z,1.9,151.88,6.3,5.45,7.21,7.362,544
2024-01-20T00:00:00.000Z,0.5,44.33,1.7,1.3,2.65,2.405,564
2024-01-21T00:00:00.000Z,1.3,57.42,2.54,2.1,5.82,4.475,586
2024-01-22T00:00:00.000Z,2.75,171.32,6.1,5.03,12.42,17.368,585
2024-01-23T00:00:00.000Z,1.9,409.15,6.4,4.34,11.05,21.097,586
2024-01-24T00:00:00.000Z,3.47,232.52,11.75,8.23,19.92,15.474,571
2024-01-25T00:00:00.000Z,3.55,275.8,13.92,9.65,23.5,20.629,590
2024-01-26T00:00:00.000Z,6.05,180.07,19.75,17.39,23.92,11.023,589
2024-01-27T00:00:00.000Z,12.82,63.88,24.9,16.88,27.3,10.053,590
2024-01-28T00:00:00.000Z,7.2,122.93,21.9,13.85,30.9,11.997,582
2024-01-29T00:00:00.000Z,5.55,179.18,10.77,7.78,18.73,14.576,569
2024-01-30T00:00:00.000Z,8.57,224.25,21.73,17.8,27.42,19.906,584
2024-01-31T00:00:00.000Z,9.93,163.52,25.65,18.57,29.58,11.876,561
2024-02-01T00:00:00.000Z,12.38,136.68,27.63,24.21,31.37,13.224,421
2024-02-02T00:00:00.000Z,5.93,56.08,36.85,15.59,40.74,12.599,504
2024-02-03T00:00:00.000Z,2.6,423.45,22.65,12.1,34.04,23.723,571
2024-02-04T00:00:00.000Z,4.72,105.93,21.5,10.25,26.58,10.765,567
2024-02-05T00:00:00.000Z,4.93,166.9,16.95,9.93,22.58,11.933,534
2024-02-06T00:00:00.000Z,3.3,173.02,12.23,6.65,18.64,12.603,473
2024-02-07T00:00:00.000Z,3.78,40.35,13.05,7.9,21.23,7.349,487
2024-02-08T00:00:00.000Z,5.47,66.68,8.94,6.95,19.55,8.154,271
2024-02-09T00:00:00.000Z,3.72,91.82,7.15,6.53,7.95,5.046,573
2024-02-10T00:00:00.000Z,1.83,81.59,9.93,6.38,16.13,8.285,571
2024-02-11T00:00:00.000Z,1.5,282.77,4.68,3.35,10.87,15.402,548
2024-02-12T00:00:00.000Z,0.95,163.65,6.45,3.8,10.05,14.543,555
2024-02-13T00:00:00.000Z,1.1,32.2,4.7,2.21,6.62,3.221,557
2024-02-14T00:00:00.000Z,0.85,116.1,4.93,2.2,6.85,8.463,547
2024-02-15T00:00:00.000Z,2.2,197.05,8.9,6.07,16.45,13.612,545
2024-02-16T00:00:00.000Z,5.55,139.32,17.5,13.73,24.15,12.706,579
2024-02-17T00:00:00.000Z,5.93,65.55,19.77,14.65,35.08,12.496,588
2024-02-18T00:00:00.000Z,6,45.5,19.39,14.7,26.52,8.713,590
2024-02-19T00:00:00.000Z,2.67,218.5,12.85,4.8,16.89,14.123,588
2024-02-20T00:00:00.000Z,1.27,266.67,16.8,8.19,27.55,20.735,587
2024-02-21T00:00:00.000Z,0.85,20.39,3.9,3,4.9,3.086,393
2024-02-24T00:00:00.000Z,1.05,20.45,2.71,1.77,4.69,2.798,316
2024-02-25T00:00:00.000Z,0.82,200.23,3.2,2.04,4.18,8.925,582
2024-02-26T00:00:00.000Z,1.1,176.73,3.4,2.25,11.07,9.005,586
2024-02-27T00:00:00.000Z,1.4,198.75,2.38,2.02,4.65,15.964,589
2024-02-28T00:00:00.000Z,1.45,16.3,5.78,4.93,6.95,1.673,591
2024-02-29T00:00:00.000Z,1.45,42.83,2.42,2,4.88,3.326,588
2024-03-01T00:00:00.000Z,0.7,92.22,4.2,2.4,6.43,4.92,525
2024-03-02T00:00:00.000Z,1.12,29.1,3.6,2.17,5.85,3.704,587
2024-03-03T00:00:00.000Z,1.55,29.67,2.88,2.37,4.8,2.249,589
2024-03-04T00:00:00.000Z,0.45,334.7,1.35,1,2.45,23.548,555
2024-03-05T00:00:00.000Z,1.3,134.4,3.71,2.64,8.36,12.95,404
2024-03-06T00:00:00.000Z,1.8,45.3,7.8,3.25,12.07,6.302,579
2024-03-07T00:00:00.000Z,1.33,41.5,9.15,3.95,12.25,6.22,472
2024-03-08T00:00:00.000Z,1.4,135.6,8.5,4,12.32,9.207,583
2024-03-09T00:00:00.000Z,1.3,120.38,3.45,2.5,5.15,6.982,579
2024-03-10T00:00:00.000Z,1.73,88.45,3.76,2.83,7.1,5.312,584
2024-03-11T00:00:00.000Z,0.6,464.75,1.73,1.33,2.89,27.175,564
2024-03-12T00:00:00.000Z,0.8,306.17,4.88,1.6,8.55,18.473,579
2024-03-13T00:00:00.000Z,0.85,45.28,7.55,2.83,10.35,5.442,579
2024-03-14T00:00:00.000Z,1.17,34.2,7.97,4.28,12.73,5.147,570
2024-03-15T00:00:00.000Z,1.67,56.47,9.65,3.97,14.68,6.642,579
2024-03-16T00:00:00.000Z,1.33,719.08,11.5,3.2,15.85,41.031,583
2024-03-17T00:00:00.000Z,1.7,59.35,11.45,4.75,19.07,8.557,561
2024-03-18T00:00:00.000Z,1.92,80.15,6.07,3.65,10.3,6.95,586
2024-03-19T00:00:00.000Z,1.38,25.98,7.05,3.55,10.06,4.27,584
2024-03-20T00:00:00.000Z,1.7,80.43,8.94,3.59,15.72,7.671,588
2024-03-21T00:00:00.000Z,1.17,36.67,14.35,2.35,19.27,9.793,587
2024-03-22T00:00:00.000Z,1.73,27.75,8.28,4.34,14.5,5.998,506
2024-03-23T00:00:00.000Z,0.9,221.2,5.96,3.9,16.85,11.704,544
2024-03-24T00:00:00.000Z,2.92,70.34,5.35,4.5,6.03,4.261,570
2024-03-25T00:00:00.000Z,2.02,65.43,4.75,4.01,6.12,5.738,589
2024-03-26T00:00:00.000Z,1.92,221.8,5.25,4.05,7,19.737,586
2024-03-27T00:00:00.000Z,1.6,69.53,7.99,2.72,11.01,6.921,588
2024-03-28T00:00:00.000Z,1.23,112.7,6.8,2.38,7.92,8.69,585
2024-03-29T00:00:00.000Z,3.33,97.9,7.67,6.5,9.31,6.377,364
2024-03-30T00:00:00.000Z,3.47,52.97,7.02,5.22,10,4.808,582
2024-03-31T00:00:00.000Z,5.35,125.72,13.57,9.6,14.98,8.816,590
2024-04-01T00:00:00.000Z,1.95,166.5,16.98,3.63,19.23,13.454,530
2024-04-02T00:00:00.000Z,2.04,7.9,3.88,3.3,4.3,0.855,357
2024-04-04T00:00:00.000Z,4.13,142.43,8.74,7.6,9.3,20.557,62
2024-04-05T00:00:00.000Z,1.08,107.3,4.75,2.88,11.8,8.383,585
2024-04-06T00:00:00.000Z,0.7,73.31,5.78,2.15,7.57,5.501,589
2024-04-07T00:00:00.000Z,0.63,277.25,3.35,1.9,6.07,19.186,590
2024-04-08T00:00:00.000Z,2.15,317.88,5.32,3.3,6.68,19.026,585
2024-04-09T00:00:00.000Z,1,167.95,8.43,2.33,11.85,13.69,553
2024-04-10T00:00:00.000Z,1.85,52.25,5.2,3.37,6.43,4.312,536
2024-04-11T00:00:00.000Z,2.29,147.72,4.2,3.58,4.82,10.924,564
2024-04-12T00:00:00.000Z,2.35,42.8,6.53,4.15,8.4,3.178,567
2024-04-13T00:00:00.000Z,3.2,49.1,6.03,4.84,8.65,3.722,547
2024-04-14T00:00:00.000Z,2.2,26.42,6.18,4.4,8.15,3.686,515
2024-04-15T00:00:00.000Z,2.85,48.22,7.15,5.15,8.94,3.608,592
2024-04-16T00:00:00.000Z,2.5,124.93,6.65,4.13,11.3,8.18,590
2024-04-17T00:00:00.000Z,0.5,70.9,2.08,1.5,5.84,4.059,584
2024-04-18T00:00:00.000Z,0.5,35.47,2,1.33,2.85,1.892,591
2024-04-19T00:00:00.000Z,0.6,29.9,1.3,1.1,1.6,1.423,552
2024-04-20T00:00:00.000Z,1.1,42.3,2.54,2.1,3.25,2.396,561
2024-04-21T00:00:00.000Z,0.3,134.44,0.9,0.6,2,10.03,572
2024-04-22T00:00:00.000Z,0.4,106.95,2.38,1.37,4.22,8.504,484
2024-04-23T00:00:00.000Z,0.9,94.1,2.7,2.1,3.4,5.942,501
2024-04-24T00:00:00.000Z,0.5,100.35,2.4,1.4,3.75,7.503,586
2024-04-25T00:00:00.000Z,2.02,13.18,3.58,3,4.5,1.451,586
2024-04-26T00:00:00.000Z,1.12,33.15,3.21,1.98,4,3.397,574
2024-04-27T00:00:00.000Z,1.14,117.82,2.78,1.73,4.09,5.625,581
2024-04-28T00:00:00.000Z,1.35,72.18,3.4,2.7,4.43,6.126,590
2024-04-29T00:00:00.000Z,1.4,75.06,3.97,2.33,4.65,5.134,587
2024-04-30T00:00:00.000Z,1.65,130.25,4.42,3.17,5.6,8.805,586
2024-05-01T00:00:00.000Z,1.5,579.04,3.83,2.83,4.8,30.74,513
2024-05-02T00:00:00.000Z,0.75,114.95,2.75,1.98,3.7,8.939,433
2024-05-03T00:00:00.000Z,0.88,12.52,2.5,1.7,4.09,1.809,585
2024-05-04T00:00:00.000Z,1.14,12.65,2.1,1.63,5.05,2.64,369
2024-05-05T00:00:00.000Z,5.72,5.72,5.72,5.72,5.72,0,1
2024-05-06T00:00:00.000Z,1.23,54.9,2.63,2,3.55,6.493,163
2024-05-07T00:00:00.000Z,0.93,234.35,3.44,2.4,5.13,18.299,590
2024-05-08T00:00:00.000Z,1.3,41.08,3.13,2.25,5.6,3.05,577
2024-05-09T00:00:00.000Z,0.7,130.57,3.1,1.5,5.21,7.995,589
2024-05-10T00:00:00.000Z,1.7,82.47,2.6,2.35,3.13,5.466,591
2024-05-11T00:00:00.000Z,1.12,22.55,2.52,2.02,3.65,1.582,590
2024-05-12T00:00:00.000Z,1.1,22.98,2.78,1.73,5.05,2.481,523
2024-05-13T00:00:00.000Z,1.48,8.23,2.63,2.13,3.3,0.991,421
2024-05-14T00:00:00.000Z,1.6,120.43,3.21,2.7,4.47,7.206,588
2024-05-15T00:00:00.000Z,2.54,116.07,5.8,3.69,6.85,7.539,589
2024-05-16T00:00:00.000Z,2.92,17.2,5.69,4.57,8.5,2.216,582
2024-05-17T00:00:00.000Z,0.7,16.17,2.13,1.42,4.09,1.69,496
2024-05-18T00:00:00.000Z,2.08,75.84,4.7,3.15,6.55,4.885,431
2024-05-19T00:00:00.000Z,5.97,10.43,7.22,6.89,7.53,0.703,153
2024-05-21T00:00:00.000Z,6.55,6.55,6.55,6.55,6.55,0,1
2024-06-13T00:00:00.000Z,1.9,34.88,2.85,2.52,3.63,3.096,206
2024-06-14T00:00:00.000Z,0.95,57.75,2,1.63,2.75,3.221,483
2024-06-15T00:00:00.000Z,0.73,133.97,2.4,1.5,3.58,10.274,518
2024-06-16T00:00:00.000Z,1.1,85.9,3.1,2.19,4.25,7.172,589
2024-06-17T00:00:00.000Z,1.23,32.75,3.2,2.15,4.55,2.528,577
2024-06-18T00:00:00.000Z,1.5,28.25,2.92,2.29,4.78,2.602,589
2024-06-19T00:00:00.000Z,1.05,80.84,5.09,2.25,6.03,8.724,586
2024-06-20T00:00:00.000Z,3.35,28.83,6.09,4.95,8.6,4.179,586
2024-06-21T00:00:00.000Z,2.54,61.1,7,5.81,11.4,4.218,581
2024-06-22T00:00:00.000Z,1.52,25.15,3.28,2.6,5.75,2.29,564
2024-06-23T00:00:00.000Z,2.13,27,3.94,3.16,4.82,1.861,432
2024-06-24T00:00:00.000Z,1.2,177.32,3.22,2.15,4.34,11.603,579
2024-06-25T00:00:00.000Z,0.95,160.32,2.25,1.65,3.51,11.398,588
2024-06-26T00:00:00.000Z,0.8,38.79,1.7,1.3,2.33,2.294,586
2024-06-27T00:00:00.000Z,0.68,107.17,2.15,1.35,3.5,14.088,517
2024-06-28T00:00:00.000Z,0.95,151.8,2.04,1.6,2.67,12.124,506
2024-06-29T00:00:00.000Z,1.35,140.94,3.1,2.2,3.67,8.323,588
2024-06-30T00:00:00.000Z,1.23,25.17,3.67,2.4,4.82,2.338,590
2024-07-01T00:00:00.000Z,2.13,18.77,4.15,3.4,6.06,1.781,569
2024-07-02T00:00:00.000Z,1.73,12,2.82,2.42,3.91,1.462,584
2024-07-03T00:00:00.000Z,0.8,174.85,5.78,4.09,7.38,7.622,587
2024-07-04T00:00:00.000Z,1.1,41.38,4.15,2.1,6.63,3.42,588
2024-07-05T00:00:00.000Z,1.38,22.17,2.94,2.4,3.88,1.413,588
2024-07-06T00:00:00.000Z,1.25,59.65,4.46,2.67,8.3,8.323,590
2024-07-07T00:00:00.000Z,2.22,110.63,6.47,4.34,8.63,6.684,589
2024-07-08T00:00:00.000Z,4.9,243.25,7.93,6.7,15.02,17.665,587
2024-07-09T00:00:00.000Z,2.15,198.15,4.88,3.67,8.35,16.561,586
2024-07-10T00:00:00.000Z,1.2,137.47,4.03,3.22,4.82,7.275,586
2024-07-11T00:00:00.000Z,2,111.45,4.63,3.63,5.22,6.573,582
2024-07-12T00:00:00.000Z,1.92,70.03,4.28,2.86,5.2,4.856,589
2024-07-13T00:00:00.000Z,1.6,116.78,3.7,2.58,4.63,5.62,588
2024-07-14T00:00:00.000Z,2.33,123.68,4.2,3.45,5.35,9.829,515
2024-07-15T00:00:00.000Z,2.04,36.35,3.1,2.78,3.85,2.054,561
2024-07-16T00:00:00.000Z,1.48,46.35,3,2.33,3.75,3.457,588
2024-07-17T00:00:00.000Z,1.67,124.6,4.2,2.63,6.22,8.127,554
2024-07-18T00:00:00.000Z,2.02,165.23,3.97,2.78,4.76,13.23,421
2024-07-19T00:00:00.000Z,2.45,164.02,4.78,4.2,5.82,10.389,491
2024-07-20T00:00:00.000Z,2.4,83.63,3.83,3.34,5.05,4.032,588
2024-07-21T00:00:00.000Z,1.98,68.4,4.38,3.33,5.47,4.466,586
2024-07-22T00:00:00.000Z,2.22,6.97,3.78,3.03,4.32,0.805,582
2024-07-23T00:00:00.000Z,2.4,10.25,3.58,3.2,4.55,1.21,587
2024-07-24T00:00:00.000Z,2.2,9.94,4.38,3.28,5.75,1.577,587
2024-07-25T00:00:00.000Z,2.2,8.3,3.78,3.2,4.38,0.827,584
2024-07-26T00:00:00.000Z,1.83,10.73,3.19,2.54,3.85,0.968,588
2024-07-27T00:00:00.000Z,1.1,10.6,3.22,2.45,3.75,1.06,586
2024-07-28T00:00:00.000Z,1.58,8.65,3.53,2.54,4.3,1.175,588
2024-07-29T00:00:00.000Z,2.35,141.38,4.3,3.67,6.61,20.511,584
2024-07-30T00:00:00.000Z,2.78,59,4.05,3.6,5.07,3.03,548
2024-07-31T00:00:00.000Z,2.29,8.35,3.75,3.4,4.22,1.167,499
2024-08-23T00:00:00.000Z,3.5,40.25,6.7,4.93,7.43,5.878,170
2024-08-24T00:00:00.000Z,3,136.5,6.75,5.5,11.97,12.407,497
2024-08-25T00:00:00.000Z,2.75,61.7,5.53,4.38,6.82,6.885,551
2024-08-26T00:00:00.000Z,3.78,26.33,5.8,5.18,6.95,3.929,538
2024-08-27T00:00:00.000Z,2.2,22.35,5.43,4.53,6.32,1.84,546
2024-08-28T00:00:00.000Z,2.4,71.97,3.83,3.41,4.88,4.275,553
2024-08-29T00:00:00.000Z,4,113.2,6.07,5.19,12.73,10.932,549
2024-08-30T00:00:00.000Z,3.58,8.9,5.93,5.42,6.57,0.965,536
2024-08-31T00:00:00.000Z,3.72,11.5,7.07,6.32,8.05,1.459,552
2024-09-01T00:00:00.000Z,3.75,86.15,6.35,5.29,10.41,8.112,517
2024-09-02T00:00:00.000Z,3.7,57.47,6.07,4.93,7.19,4.409,552
2024-09-03T00:00:00.000Z,2.92,40.13,5.43,4.72,6.3,3.04,555
2024-09-04T00:00:00.000Z,2.2,7.45,4.47,3.6,5.8,1.232,555
2024-09-05T00:00:00.000Z,2.2,99.63,4.2,3.13,5,7.932,515
2024-09-06T00:00:00.000Z,1.6,5.9,3.72,3.3,4.2,0.776,175
2024-09-07T00:00:00.000Z,2.27,4.97,2.75,2.5,2.88,0.48,37
2024-09-08T00:00:00.000Z,1.4,6.15,3.47,2.42,4.01,1.024,169
2024-09-09T00:00:00.000Z,0.9,34.33,1.98,1.4,2.35,3.648,206
2024-09-10T00:00:00.000Z,0.98,10.77,2.08,1.65,2.9,0.959,207
2024-09-11T00:00:00.000Z,0.8,24.2,2.04,1.33,3.23,4.617,168
2024-09-13T00:00:00.000Z,1.1,1.45,1.27,1.1,1.45,0.175,2
2024-09-19T00:00:00.000Z,1.98,7.65,3,2.67,3.82,0.966,121
2024-09-20T00:00:00.000Z,0.9,41.45,3.2,1.58,4.37,3.503,465
2024-09-21T00:00:00.000Z,1.25,31.85,3.63,2.33,5.35,4.256,466
2024-09-22T00:00:00.000Z,2.29,128.25,4.44,3.08,6.85,15.882,560
2024-09-23T00:00:00.000Z,1.65,197.68,4.87,3.25,6.78,15.12,408
2024-09-24T00:00:00.000Z,1.83,131.55,7.23,5.29,10.83,11.964,208
2024-09-25T00:00:00.000Z,2.54,327.77,23.92,7,46.42,40.095,231
2024-09-26T00:00:00.000Z,3.63,174.45,7.93,6.12,10.1,16.164,561
2024-09-27T00:00:00.000Z,3.2,73.55,6.2,4.78,7.75,9.083,364
2024-09-28T00:00:00.000Z,1.14,171.2,2.33,1.85,20.05,19.616,254
2024-09-29T00:00:00.000Z,0.5,42.85,2.15,1.67,5.75,4.412,407
2024-09-30T00:00:00.000Z,0.8,175.2,1.73,1.2,3.28,18.556,241
2024-10-01T00:00:00.000Z,0.85,298.08,2.54,1.9,17.92,36.198,550
2024-10-02T00:00:00.000Z,0.88,189.05,2.2,1.8,3.03,16.993,556
2024-10-03T00:00:00.000Z,0.75,74.9,2.35,1.55,3.22,6.628,558
2024-10-04T00:00:00.000Z,0.75,35.25,1.95,1.6,2.42,3.182,577
2024-10-05T00:00:00.000Z,0.6,42.45,2.2,1.6,3.38,4.465,572
2024-10-06T00:00:00.000Z,0.65,197.88,2.71,1.95,3.62,12.332,532
2024-10-07T00:00:00.000Z,1.1,271.92,2.38,1.7,2.9,22.159,564
2024-10-08T00:00:00.000Z,1.2,78.38,2.35,1.88,2.88,6.059,540
2024-10-09T00:00:00.000Z,0.93,189.1,2.21,1.73,3.13,10.721,506
2024-10-10T00:00:00.000Z,1.1,116.55,1.8,1.48,2.72,11.406,392
2024-10-11T00:00:00.000Z,3.33,5.5,3.87,3.6,4.07,0.572,10
2024-10-12T00:00:00.000Z,0.85,129.3,2.27,1.42,3.08,13.559,397
2024-10-13T00:00:00.000Z,0.75,159.68,2.09,1.6,3.1,14.949,312
2024-10-14T00:00:00.000Z,1.45,9.55,4.78,4.03,5.3,1.279,115
2024-10-15T00:00:00.000Z,1.14,367.5,3.53,2.7,4.62,32.051,513
2024-10-16T00:00:00.000Z,3.55,7.28,4.7,4.3,5.12,0.664,208
2024-10-18T00:00:00.000Z,3.05,3.95,3.38,3.05,3.95,0.372,3
2024-10-19T00:00:00.000Z,1.92,14.68,3.7,1.92,14.68,5.643,3
2024-10-20T00:00:00.000Z,1.6,135.75,4.19,3,14.53,22.453,188
2024-10-21T00:00:00.000Z,1.8,105.28,3.1,2.59,5.12,13.759,248
2024-10-22T00:00:00.000Z,2.33,228.6,3.58,3.15,4.45,21.718,500
2024-10-23T00:00:00.000Z,2.63,7.18,4.07,3.65,4.53,0.711,336
2024-10-24T00:00:00.000Z,1.8,280.95,3.65,3,4.22,23.612,558
2024-10-25T00:00:00.000Z,1.52,246.07,3.05,2.22,4.05,35.777,205
2024-10-26T00:00:00.000Z,3.67,398.4,7.68,6.05,20.6,31.253,409
2024-10-27T00:00:00.000Z,2.9,248.75,8.5,6.64,18.84,21.125,385
2024-10-28T00:00:00.000Z,2.7,149.57,7.28,5.09,9.25,10.766,547
2024-10-29T00:00:00.000Z,3.2,9.5,5.09,4.15,6.9,1.654,238
2024-10-31T00:00:00.000Z,6.28,15.75,7.63,7.25,8.69,3.16,6
2024-11-01T00:00:00.000Z,5.63,6.88,6,5.72,6.32,0.412,8
2024-11-03T00:00:00.000Z,4.22,227.82,83.9,71.9,144.25,60.806,23
2024-11-04T00:00:00.000Z,9.88,11.98,10.93,9.88,11.98,1.05,2
2024-11-05T00:00:00.000Z,7.88,132.52,45.57,28.05,74.63,33.827,10
2024-11-06T00:00:00.000Z,10.1,13.93,10.57,10.24,12.34,1.409,5
2024-11-07T00:00:00.000Z,10.95,31.08,21.02,10.95,31.08,10.065,2
2024-11-10T00:00:00.000Z,10.77,16.88,14.88,13.89,15.95,1.373,25
2024-11-11T00:00:00.000Z,4.63,84.55,9.81,6.84,11.39,5.164,356
2024-11-12T00:00:00.000Z,4.15,205.7,8.8,8.1,9.38,15.892,164
2024-11-13T00:00:00.000Z,4.84,63.22,7.05,5.92,16.5,9.394,153
2024-11-14T00:00:00.000Z,9.73,17.75,11.64,11.13,12.15,1.405,82
2024-11-19T00:00:00.000Z,1.6,120.57,3.42,2.88,4.43,18.302,51
2024-11-20T00:00:00.000Z,1.08,27.1,3.29,2.65,4.03,1.586,354
2024-11-21T00:00:00.000Z,1.02,3.1,1.67,1.42,2,0.514,106
2024-11-22T00:00:00.000Z,1.2,14.7,2.33,1.85,3.32,1.996,288
2024-11-23T00:00:00.000Z,1.27,113.2,6.8,2.04,12.59,14.521,329
2024-11-24T00:00:00.000Z,1.1,248.65,7.78,5.68,14.21,23.779,397
2024-11-25T00:00:00.000Z,5.07,96.35,15.32,12.15,20.83,12.396,391
2024-11-26T00:00:00.000Z,3.08,173.95,15.64,12.57,20.05,29.385,154
2024-11-27T00:00:00.000Z,2.6,228.82,10.25,5.78,14.55,18.296,586
2024-11-28T00:00:00.000Z,1.67,317.14,11.47,6.99,14.57,21.525,588
2024-11-29T00:00:00.000Z,2.5,73.4,9.94,6.99,14.09,7.936,328
2024-11-30T00:00:00.000Z,0.98,3.53,2.85,1.41,3.1,0.843,57
2024-12-01T00:00:00.000Z,2.4,50.25,4.15,3.3,6.4,4.67,587
2024-12-02T00:00:00.000Z,3.95,27.05,6.7,5.72,11.48,5.483,582
2024-12-03T00:00:00.000Z,5.5,147.75,12.48,11.03,14.4,10.251,586
2024-12-04T00:00:00.000Z,1.42,39.38,10.16,8.18,15.44,5.714,532
2024-12-05T00:00:00.000Z,0.8,6.25,1.9,1.27,2.7,0.895,571
2024-12-06T00:00:00.000Z,1.9,13.85,3.39,2.8,6.18,2.949,576
2024-12-07T00:00:00.000Z,1.3,102.55,5.97,4.63,6.93,10.542,559
2024-12-08T00:00:00.000Z,0.55,72.06,2.29,1.55,5.97,5.91,582
2024-12-09T00:00:00.000Z,0.7,36.4,3.15,2.2,4.03,3.344,506
2024-12-10T00:00:00.000Z,0.8,85.45,2.92,2.13,7.38,8.882,495
2024-12-11T00:00:00.000Z,1,50.63,6.05,3.18,9.18,4.886,577
2024-12-12T00:00:00.000Z,2.2,47.4,6.88,4.43,9.06,5.312,577
2024-12-13T00:00:00.000Z,2.02,46.17,5.49,3.97,6.8,4.021,526
2024-12-14T00:00:00.000Z,2.7,262.33,6.6,5.77,8.74,24.62,517
2024-12-15T00:00:00.000Z,0.9,65.45,3.83,2.38,4.97,6.007,589
2024-12-16T00:00:00.000Z,1.8,143.15,5.68,3.98,14.83,11.645,484
2024-12-17T00:00:00.000Z,2.17,285.63,11.4,5.14,16.07,20.907,525
2024-12-18T00:00:00.000Z,2,138.02,9.56,5.68,14.65,13.273,526
2024-12-19T00:00:00.000Z,1.9,15.27,8.49,6.54,9.6,2.861,212
2024-12-20T00:00:00.000Z,0.93,19.39,2.85,2.24,3.55,1.722,352
2024-12-21T00:00:00.000Z,1.2,13.9,2.04,1.63,3.53,2.543,423
2024-12-22T00:00:00.000Z,1.95,12.98,5.57,4.05,6.81,2.332,369
2024-12-23T00:00:00.000Z,0.5,4.07,1.63,1.17,2.1,0.637,561
2024-12-24T00:00:00.000Z,0.6,19.17,1.25,1,1.52,1.161,562
2024-12-25T00:00:00.000Z,0.65,4.32,2.04,1.2,3,0.954,588
2024-12-26T00:00:00.000Z,2,47.7,3.05,2.72,3.6,3.847,567
2024-12-27T00:00:00.000Z,2,197.4,4.55,3.15,6.71,15.352,585
2024-12-28T00:00:00.000Z,3.78,172.18,9.98,7.38,17.98,15.087,584
2024-12-29T00:00:00.000Z,7.65,217.27,14.25,10.8,19.14,16.791,486
2024-12-30T00:00:00.000Z,8.8,28.35,15.31,12.7,16.8,3.316,170
2024-12-31T00:00:00.000Z,12.52,75.45,18.92,15.93,22.67,11.157,353
2025-01-01T00:00:00.000Z,6.15,135,19.3,10.84,47.96,27.25,560
2025-01-02T00:00:00.000Z,3.1,100.63,9.3,7.03,19.89,10.976,431
2025-01-03T00:00:00.000Z,1.95,10.85,3.7,2.67,5.2,2.182,408
2025-01-04T00:00:00.000Z,2.85,82.9,4.43,3.97,17.93,9.675,388
2025-01-05T00:00:00.000Z,1.63,247,8.48,6.13,17.48,30.314,219
2025-01-06T00:00:00.000Z,2.15,3.75,2.62,2.38,3.1,0.441,26
2025-01-07T00:00:00.000Z,4.97,11.7,7.6,7.03,9.15,1.594,75
2025-01-08T00:00:00.000Z,2.83,26.1,10.43,9.44,11.4,2.534,235
2025-01-09T00:00:00.000Z,1.25,168.23,2.72,2.21,4,10.556,436
2025-01-10T00:00:00.000Z,1.67,63.78,3.58,2.63,5.5,7.473,497
2025-01-11T00:00:00.000Z,2.1,64.28,6.2,4.5,9.38,7.475,263
2025-01-12T00:00:00.000Z,0.68,24.02,1.4,1.1,2.02,2.672,410
2025-01-13T00:00:00.000Z,1.1,6.65,1.85,1.45,1.95,0.707,63
2025-01-14T00:00:00.000Z,1.3,20.25,2.4,1.9,3.85,2.292,364
2025-01-15T00:00:00.000Z,2.29,13.9,3.6,3.03,4.57,2.348,259
2025-01-16T00:00:00.000Z,2.6,39.65,5.5,3.83,8.05,6.512,319
2025-01-17T00:00:00.000Z,2.72,13.65,4.03,3.75,4.47,0.87,243
2025-01-18T00:00:00.000Z,2.29,3.95,3.9,2.29,3.95,0.766,3
2025-01-19T00:00:00.000Z,1.3,43.97,2.6,2.25,3.42,7.329,215
2025-01-20T00:00:00.000Z,1.25,34.13,16.88,9.36,24.98,9.657,39
2025-01-21T00:00:00.000Z,2.9,12.48,6.6,3.6,8.03,2.331,53
2025-01-22T00:00:00.000Z,3.1,35.85,5.2,4.43,6.09,5.411,137
2025-01-23T00:00:00.000Z,1.95,21.85,5.53,3.24,6.6,2.881,72
2025-01-24T00:00:00.000Z,1.8,239.27,2.9,2.47,4.34,35.914,190
2025-01-25T00:00:00.000Z,1.8,171.85,10.8,8.88,17.11,24.979,465
2025-01-26T00:00:00.000Z,8.1,22.2,16.55,14.93,17.75,2.474,160
2025-01-27T00:00:00.000Z,1.63,32.9,2.58,2.2,3.1,4.942,134
2025-01-28T00:00:00.000Z,1.58,236.1,2.89,2.45,3.53,16.111,590
2025-01-29T00:00:00.000Z,1,104.85,2.22,1.7,5.2,7.939,590
2025-01-30T00:00:00.000Z,2,76.45,6.3,3.47,13.91,9.596,425
2025-01-31T00:00:00.000Z,2,58.65,9.43,7.7,14.05,6.954,467
2025-02-01T00:00:00.000Z,3.92,58.3,10.32,7.54,15.3,6.21,365
2025-02-02T00:00:00.000Z,3.5,50.45,7.06,5.9,8.32,4.854,506
2025-02-03T00:00:00.000Z,2.78,57.78,6.05,4.57,7.15,5.546,503
2025-02-04T00:00:00.000Z,3.97,95.75,7.85,6.18,8.55,8.982,479
2025-02-05T00:00:00.000Z,4.03,51.75,6.3,5.38,12.55,7.131,412
2025-02-06T00:00:00.000Z,3.42,101.2,10.48,6.45,14.9,7.773,526
2025-02-07T00:00:00.000Z,4.72,151.82,8.63,6.57,11.4,11.56,271
2025-02-08T00:00:00.000Z,2.7,26.6,4.32,3.6,5.59,4.323,272
2025-02-09T00:00:00.000Z,1.85,183.1,3.4,2.79,9.51,13.036,401
2025-02-10T00:00:00.000Z,6.53,18.85,13.6,9.63,15.2,3.357,267
2025-02-11T00:00:00.000Z,6.3,17.92,10.43,9.32,13.08,2.742,296
2025-02-12T00:00:00.000Z,4.03,89.1,8.11,5.95,16.19,7.751,504
2025-02-13T00:00:00.000Z,2.9,59.67,9.64,7.05,11.4,6.342,486
2025-02-14T00:00:00.000Z,2,35.15,4.03,2.96,7.81,6.874,33
2025-02-15T00:00:00.000Z,0.55,8.55,1.5,1.02,4.7,2.159,387
2025-02-16T00:00:00.000Z,3.1,11.52,5.85,4.32,6.82,1.527,202
2025-02-17T00:00:00.000Z,3.25,96,11.1,7.74,14.75,8.501,309
2025-02-18T00:00:00.000Z,4.18,85.55,8.69,7.75,10.29,7.025,380
2025-02-19T00:00:00.000Z,6.55,62.1,13.02,10.56,14.8,6.781,301
2025-02-20T00:00:00.000Z,3.63,232.75,9.69,7.5,11.18,18.838,534
2025-02-21T00:00:00.000Z,3.1,31.27,12.06,5.75,14.13,6.489,458
2025-02-22T00:00:00.000Z,2.97,28.88,10.75,5.03,14.65,6.717,440
2025-02-23T00:00:00.000Z,2.22,22.8,10.5,4.26,14.13,5.466,497
2025-02-24T00:00:00.000Z,4.57,19.02,11.43,9.55,13.75,3.163,471
2025-02-25T00:00:00.000Z,3.83,21.5,6.47,5.57,10.43,3.904,568
2025-02-26T00:00:00.000Z,1.8,10,3.47,2.8,4.78,1.676,511
2025-02-27T00:00:00.000Z,1.2,11.18,5.3,4.2,6.85,2.039,207
2025-02-28T00:00:00.000Z,4.28,7.38,5.48,4.93,6.13,0.753,50
2025-03-01T00:00:00.000Z,1.9,5.78,3.9,3.43,4.43,0.741,84
2025-03-02T00:00:00.000Z,0.95,4.95,1.63,1.35,3.42,1.127,275
2025-03-03T00:00:00.000Z,2.22,5.2,3.28,3.05,3.7,0.507,174
2025-03-04T00:00:00.000Z,3.38,6.43,4.4,3.9,4.93,0.751,51
2025-03-07T00:00:00.000Z,10.9,24.48,19.85,17.92,21.85,3.505,58
2025-03-08T00:00:00.000Z,5.2,19.1,14.26,11.54,16.05,3.052,296
2025-03-09T00:00:00.000Z,3.3,89.72,11.1,5.52,15.04,7.347,360
2025-03-10T00:00:00.000Z,2.4,2.72,2.7,2.4,2.72,0.146,3
2025-03-25T00:00:00.000Z,1,26.55,1.94,1.59,3.18,4.363,96
2025-03-26T00:00:00.000Z,1.5,4.72,2.47,2.13,2.71,0.528,56
2025-03-27T00:00:00.000Z,1.9,4.88,2.54,2.38,2.7,0.537,62
2025-03-28T00:00:00.000Z,1.6,3.7,2.25,2,2.84,0.565,16
2025-03-29T00:00:00.000Z,5.07,5.07,5.07,5.07,5.07,0,1
2025-04-03T00:00:00.000Z,7.5,7.5,7.5,7.5,7.5,0,1
2025-04-04T00:00:00.000Z,5.7,5.7,5.7,5.7,5.7,0,1
2025-04-09T00:00:00.000Z,2.52,10.05,7.15,4.83,8.73,2.424,5
2025-04-10T00:00:00.000Z,4.78,5.32,5.05,4.78,5.32,0.27,2
2025-04-12T00:00:00.000Z,2.1,6.68,6.53,2.1,6.68,2.125,3
2025-04-13T00:00:00.000Z,1.2,62,1.88,1.6,2.29,8.518,77
2025-04-15T00:00:00.000Z,1.45,4.72,2.4,2,2.8,0.571,206
2025-04-16T00:00:00.000Z,2.5,6.18,3.83,3.33,4.28,0.741,227
2025-04-17T00:00:00.000Z,1.27,4.88,2.75,2.45,3.03,0.567,67
2025-04-18T00:00:00.000Z,3.88,3.88,3.88,3.88,3.88,0,1
2025-04-20T00:00:00.000Z,1,131.3,1.63,1.4,1.95,21.352,175
2025-04-21T00:00:00.000Z,1.8,2.04,1.92,1.8,2.04,0.125,2
2025-04-22T00:00:00.000Z,1.14,55.38,2.13,1.8,2.67,6.442,382
2025-04-23T00:00:00.000Z,1.33,62.8,2.5,2.02,3.2,7.5,250
2025-04-24T00:00:00.000Z,2.92,13.45,7.15,4.12,10.39,3.365,13
2025-04-25T00:00:00.000Z,1.42,21.23,2.09,1.84,3.13,4.094,56
2025-04-26T00:00:00.000Z,0.95,1.7,1.3,1.2,1.47,0.186,29
2025-04-27T00:00:00.000Z,0.98,63.55,3.83,1.6,12.2,11.258,222
2025-04-28T00:00:00.000Z,10,10,10,10,10,0,1
2025-04-30T00:00:00.000Z,3.28,3.28,3.28,3.28,3.28,0,1
2025-05-01T00:00:00.000Z,5.72,7.03,6.38,5.72,7.03,0.655,2
2025-05-04T00:00:00.000Z,2.27,5.88,3.25,2.83,4,0.761,121
2025-05-05T00:00:00.000Z,2.04,4.93,3.37,3.03,3.67,0.523,180
2025-05-06T00:00:00.000Z,1,44.17,5.65,3.3,11.32,8.217,191
2025-05-07T00:00:00.000Z,0.85,86.05,2.15,1.5,11.15,15.121,356
2025-05-08T00:00:00.000Z,0.82,33.58,1.5,1.25,2,4.751,81
2025-05-09T00:00:00.000Z,2.29,6.07,3.25,2.95,3.8,0.847,119
2025-05-10T00:00:00.000Z,1.8,52.22,3.69,3.03,4.97,4.769,354
2025-05-11T00:00:00.000Z,1.2,76.43,3.3,2.12,4.18,8.163,444
2025-05-12T00:00:00.000Z,0.73,44.63,1.8,1.3,3.75,5.373,518
2025-05-13T00:00:00.000Z,1.08,39.03,2.25,1.7,3.6,4.174,524
2025-05-14T00:00:00.000Z,1.42,15.15,2.33,2,3,1.369,515
2025-05-15T00:00:00.000Z,1.63,23.25,2.88,2.45,3.38,1.213,474
2025-05-16T00:00:00.000Z,0.88,4.53,3.53,3.25,3.78,0.614,135
2025-05-17T00:00:00.000Z,0.7,140.1,3.08,1.38,5.15,8.937,315
2025-05-18T00:00:00.000Z,0.85,58.63,1.88,1.45,3,6.121,432
2025-05-19T00:00:00.000Z,2,141.3,3.28,2.9,3.66,11.581,216
2025-05-20T00:00:00.000Z,1.4,87.35,3.5,2.9,4.2,8.788,486
2025-05-21T00:00:00.000Z,0.73,12.38,2.29,1.85,2.7,0.852,485
2025-05-22T00:00:00.000Z,2,42.22,3.25,2.83,5.53,4.682,459
2025-05-23T00:00:00.000Z,1.35,84.05,2.25,1.92,4.09,11.446,398
2025-05-24T00:00:00.000Z,0.6,76.84,2.08,1.3,4.84,7.331,551
2025-05-25T00:00:00.000Z,0.9,37.15,1.65,1.3,3.4,3.3,549
2025-05-26T00:00:00.000Z,1.3,4.22,2.4,2.04,2.82,0.537,517
2025-05-27T00:00:00.000Z,1.75,142.88,3.6,2.78,5.45,12.679,586
2025-05-28T00:00:00.000Z,1.3,84.53,2.72,2.13,7.44,8.157,533
2025-05-29T00:00:00.000Z,1.7,93.45,3.4,2.6,9.6,11.058,403
2025-05-30T00:00:00.000Z,0.7,29.3,1.49,1.1,2.14,2.937,264
2025-05-31T00:00:00.000Z,0.9,1.4,1.13,0.93,1.37,0.222,4
2025-06-01T00:00:00.000Z,1.6,6,2.91,2.5,4.33,1.101,108
2025-06-02T00:00:00.000Z,1.33,86.38,3.9,2.5,15.13,14.594,296
2025-06-03T00:00:00.000Z,1,83.85,2.1,1.5,5.13,11.204,572
2025-06-04T00:00:00.000Z,1.1,129.57,2.65,1.94,10.6,13.206,516
2025-06-05T00:00:00.000Z,1.17,108.2,2.75,2,4.88,10.641,592
2025-06-06T00:00:00.000Z,1.7,4.25,3.3,2.45,3.65,0.671,223
2025-06-07T00:00:00.000Z,1.83,68.13,4.68,2.9,7.2,8.116,228
2025-06-08T00:00:00.000Z,1.8,43.7,2.8,2.45,4.13,7,280
2025-06-09T00:00:00.000Z,4,118.68,8.32,7.3,10.34,11.032,284
2025-06-10T00:00:00.000Z,7.8,97.9,11.02,9.63,16.46,12.143,404
2025-06-11T00:00:00.000Z,9.48,176.2,12.1,11.37,13.26,18.473,488
2025-06-12T00:00:00.000Z,13.35,96.88,17.02,15.8,21.2,12.003,323
2025-06-13T00:00:00.000Z,12.9,96.3,16.6,15.4,18.14,6.383,332
2025-06-14T00:00:00.000Z,12.6,66.38,16.02,14.98,17.67,5.005,477
2025-06-15T00:00:00.000Z,5.97,23.65,8.94,7.45,13.9,4.216,42
2025-06-16T00:00:00.000Z,5.7,63,8.88,7.78,10.5,6.768,402
2025-06-17T00:00:00.000Z,2.83,170.2,5.55,4.4,6.77,11.924,389
2025-06-18T00:00:00.000Z,3.5,75.18,5.32,4.67,6.53,6.421,473
2025-06-19T00:00:00.000Z,1.98,51.47,4,3.35,7.73,6.641,549
2025-06-20T00:00:00.000Z,3.75,124.4,5.28,4.82,6.68,7.757,554
2025-06-21T00:00:00.000Z,3.78,21.92,5.79,5.4,6.07,1.027,334
2025-06-22T00:00:00.000Z,2.22,16.2,5.14,3.83,6.9,2.161,138
2025-06-23T00:00:00.000Z,3.85,81.8,5.3,4.78,6.34,10.044,161
2025-06-24T00:00:00.000Z,3.3,7.38,5.78,5.37,6.14,0.648,160
2025-06-25T00:00:00.000Z,2.75,5.6,3.92,3.65,4.25,0.462,159
2025-06-26T00:00:00.000Z,2.78,8.4,5.4,4.95,6.32,0.92,143
2025-06-28T00:00:00.000Z,1.1,115.6,1.7,1.42,3.05,12.089,135
2025-06-29T00:00:00.000Z,0.65,4.53,1.45,1.2,1.98,0.596,590
2025-06-30T00:00:00.000Z,1.4,5.15,2.47,2.1,2.9,0.762,274
2025-07-01T00:00:00.000Z,1.58,36.22,3.07,2.52,3.4,8.628,14
2025-07-02T00:00:00.000Z,1.88,21.17,2.7,2.46,3.08,2.343,421
2025-07-03T00:00:00.000Z,1.88,4.57,2.8,2.54,3.1,0.505,316
2025-07-04T00:00:00.000Z,2.75,6.78,4.45,3.78,5.05,0.843,161
2025-07-05T00:00:00.000Z,1.5,6.47,3.7,2.7,5.18,1.284,261
2025-07-06T00:00:00.000Z,1.6,4.09,2.83,2.5,3.13,0.439,240
2025-07-07T00:00:00.000Z,1.02,8.15,2.75,2.33,3.08,1.012,591
2025-07-08T00:00:00.000Z,0.8,3.88,2.08,1.6,2.65,0.647,521
2025-07-09T00:00:00.000Z,0.4,3.78,0.9,0.73,1.66,0.738,337
2025-07-10T00:00:00.000Z,0.98,4.2,1.63,1.4,1.9,0.483,261
2025-07-11T00:00:00.000Z,1,4.93,1.65,1.35,2.04,0.65,574
2025-07-12T00:00:00.000Z,0.93,77.75,1.88,1.42,2.33,4.722,570
2025-07-13T00:00:00.000Z,1,28.08,2.02,1.67,2.58,2.31,512
2025-07-14T00:00:00.000Z,1.08,39.6,1.82,1.6,2.15,4.634,364
2025-07-15T00:00:00.000Z,1.27,148.15,1.92,1.7,3.11,8.613,361
2025-07-16T00:00:00.000Z,1.92,100.22,3.15,2.6,4,8.298,453
2025-07-17T00:00:00.000Z,2.1,92.5,4.34,3.68,4.98,5.873,592
2025-07-18T00:00:00.000Z,1.9,137,2.9,2.6,3.42,7.344,590
2025-07-19T00:00:00.000Z,1.63,55.72,3.53,2.9,4.07,5.888,586
2025-07-20T00:00:00.000Z,1.83,30.5,3.6,3.08,4.15,2.527,562
2025-07-21T00:00:00.000Z,2.38,47.72,4.2,3.6,4.95,4.348,545
2025-07-22T00:00:00.000Z,1.73,35.4,3.15,2.54,3.8,3.025,592
2025-07-23T00:00:00.000Z,1.38,38.2,2.33,2,2.7,4.123,486
2025-07-24T00:00:00.000Z,0.98,111.68,2.22,1.67,2.75,12.272,463
2025-07-25T00:00:00.000Z,1.3,44.83,2.2,1.9,3.43,5.618,533
2025-07-26T00:00:00.000Z,0.95,104.87,1.95,1.58,2.49,8.46,576
2025-07-27T00:00:00.000Z,0.9,25.08,1.5,1.3,1.83,1.9,366
2025-07-28T00:00:00.000Z,4.05,4.22,4.13,4.05,4.22,0.085,2
2025-07-29T00:00:00.000Z,0.43,1.9,1,0.8,1.2,0.283,196
2025-07-30T00:00:00.000Z,0.82,62.63,1.6,1.29,7.58,12.432,193
2025-07-31T00:00:00.000Z,0.9,2.78,1.65,1.45,1.83,0.309,501
2025-08-01T00:00:00.000Z,1.35,5.05,2.02,1.8,2.35,0.535,590
2025-08-02T00:00:00.000Z,1.4,4.93,2.22,2,2.63,0.571,334
2025-08-03T00:00:00.000Z,0.88,136.3,2.65,1.65,3.15,9.6,453
2025-08-04T00:00:00.000Z,0.75,4.55,1.4,1.2,1.58,0.344,588
2025-08-05T00:00:00.000Z,0.6,4.2,1.3,1.05,1.8,0.583,554
2025-08-06T00:00:00.000Z,1.14,3.72,1.9,1.67,2.2,0.446,527
2025-08-07T00:00:00.000Z,1.6,6.95,2.35,2.1,2.6,0.653,569
2025-08-08T00:00:00.000Z,1.2,6.18,2.5,2.2,2.9,0.554,576
2025-08-09T00:00:00.000Z,1.5,4.55,2.58,2.29,2.97,0.49,523
2025-08-10T00:00:00.000Z,2.1,23.48,3.15,2.78,3.82,1.723,588
2025-08-11T00:00:00.000Z,2.88,7.55,4.03,3.58,4.72,0.817,531
2025-08-12T00:00:00.000Z,3.08,52.77,4.65,4.07,5.6,3.966,508
2025-08-13T00:00:00.000Z,2.52,57.5,5.28,3.78,5.9,4.204,542
2025-08-14T00:00:00.000Z,3.15,58.2,4.34,3.95,4.8,5.197,540
2025-08-15T00:00:00.000Z,3.05,55.28,4.7,4.3,5.2,4.583,478
2025-08-16T00:00:00.000Z,4.09,41.1,5.62,5.2,6.15,4.652,576
2025-08-17T00:00:00.000Z,2.9,207.93,6.07,4.84,6.65,15.734,587
2025-08-18T00:00:00.000Z,2.8,61.35,4.13,3.67,5.65,5.887,590
2025-08-19T00:00:00.000Z,2.13,113.53,4.03,3.36,4.43,7.131,592
2025-08-20T00:00:00.000Z,2.1,77.63,4.15,3.42,5.25,6.783,575
2025-08-21T00:00:00.000Z,0.88,114.8,5.72,3.67,12.25,13.696,379
2025-08-22T00:00:00.000Z,1.2,80.15,3.01,2.63,3.5,10.312,378
2025-08-23T00:00:00.000Z,2.2,72.2,3.35,3.03,4.43,7.912,579
2025-08-24T00:00:00.000Z,1.4,90.7,2.97,2.45,4.09,8.945,579
2025-08-25T00:00:00.000Z,1.55,84.15,2.65,2.27,3.13,4.038,590
2025-08-26T00:00:00.000Z,1.88,110.13,3.1,2.6,6.95,10.077,540
2025-08-27T00:00:00.000Z,2.25,80.13,3.88,3.42,9.18,10.505,527
2025-08-28T00:00:00.000Z,2.6,42.65,4.45,4,5.2,3.547,590
2025-08-29T00:00:00.000Z,1.65,52.85,3.45,2.6,4.84,4.654,590
2025-08-30T00:00:00.000Z,0.8,4.72,1.7,1.4,2.04,0.588,593
2025-08-31T00:00:00.000Z,0.5,11.2,1.37,1.1,1.88,1.316,590
2025-09-01T00:00:00.000Z,0.6,122.35,2.08,1.5,3.9,9.428,590
2025-09-02T00:00:00.000Z,0.77,113.15,1.9,1.5,5.95,12.008,594
2025-09-03T00:00:00.000Z,0.63,4.34,1.45,1.14,1.85,0.551,590
2025-09-04T00:00:00.000Z,0.9,74.09,2.1,1.5,8.9,11.941,594
2025-09-05T00:00:00.000Z,0.8,81.45,1.8,1.4,2.58,9.681,458
2025-09-07T00:00:00.000Z,2.25,7.53,3.17,2.87,3.7,0.843,252
2025-09-08T00:00:00.000Z,2.52,93.68,4.01,3.45,10.27,14.832,304
2025-09-09T00:00:00.000Z,1.4,225.68,3.4,2.45,4,14.452,555
2025-09-10T00:00:00.000Z,0.8,62.58,2.1,1.8,2.54,3.544,519
2025-09-11T00:00:00.000Z,0.8,100.25,2.2,1.8,4.2,9.144,586
2025-09-12T00:00:00.000Z,1,115.82,2.22,1.75,5.78,15.017,534
2025-09-13T00:00:00.000Z,1.1,87.95,2.33,1.98,2.83,7.903,483
2025-09-14T00:00:00.000Z,1.08,140.8,2.97,2.25,13.98,16.224,498
2025-09-15T00:00:00.000Z,1.3,112.78,2.21,1.9,5.24,15.433,504
2025-09-16T00:00:00.000Z,1.02,105.18,2.5,2.15,5.07,12.021,583
2025-09-17T00:00:00.000Z,1.85,7.3,2.7,2.45,3.3,0.799,332
2025-09-18T00:00:00.000Z,1.5,129.82,2.4,2.08,4.3,9.35,588
2025-09-19T00:00:00.000Z,1.4,75.03,2.58,2.08,6.18,9.967,570
2025-09-20T00:00:00.000Z,0.93,224.75,3.1,1.92,4.12,13.68,468
2025-09-21T00:00:00.000Z,1.14,79.25,2.54,2.13,3.05,8.514,459
2025-09-22T00:00:00.000Z,1.35,145,2.8,2.2,6.25,11.199,589
2025-09-23T00:00:00.000Z,1.1,4.78,2.38,1.9,2.88,0.666,501
2025-09-24T00:00:00.000Z,0.63,73.31,1.83,1.4,2.29,8.991,366
2025-09-25T00:00:00.000Z,0.77,5.09,1.41,1.2,2,0.901,182
2025-09-26T00:00:00.000Z,0.82,2.13,1.23,1.1,1.51,0.296,53
2025-09-27T00:00:00.000Z,2.47,136.82,10.88,5.22,22.85,19.999,107
2025-09-28T00:00:00.000Z,1.4,3.5,1.98,1.7,2.72,0.581,27
2025-09-30T00:00:00.000Z,1.63,162.77,2.52,2.2,3.58,19.079,316
2025-10-01T00:00:00.000Z,1.14,4.75,3.45,3.12,3.88,0.626,157
2025-10-02T00:00:00.000Z,0.56,9.8,1.5,1,2.27,1.192,369
2025-10-03T00:00:00.000Z,1.17,19.3,1.83,1.6,2.04,1.706,455
2025-10-04T00:00:00.000Z,1.1,143.8,1.98,1.65,2.5,18.317,451
2025-10-05T00:00:00.000Z,1.4,16,2.65,2.17,4.8,2.177,327
2025-10-06T00:00:00.000Z,0.3,47.65,1.9,1.63,2.27,3.943,139
2025-10-07T00:00:00.000Z,1.25,6.45,2.04,1.8,2.48,0.701,256
2025-10-08T00:00:00.000Z,0.75,276.6,1.3,1.1,2.75,37.376,243
2025-10-09T00:00:00.000Z,1.3,289.73,3.82,2.33,5.46,34.399,320
2025-10-10T00:00:00.000Z,1.5,277.85,4.03,3,17.73,28.631,365
2025-10-11T00:00:00.000Z,1.23,257.7,4.55,2.65,13.63,31.774,367
2025-10-12T00:00:00.000Z,1.58,218.63,3.22,2.1,4.2,31.877,215
2025-10-13T00:00:00.000Z,1.17,232.65,3.3,2.5,4.68,22.555,299
2025-10-14T00:00:00.000Z,1.73,350.42,4.21,2.8,24.08,47.089,380
2025-10-15T00:00:00.000Z,2.42,199.57,4.63,3.88,5.45,24.55,395
2025-10-16T00:00:00.000Z,1.3,52.8,3.85,2.22,5.97,7.391,207
2025-10-18T00:00:00.000Z,1.83,6.7,3.85,2.2,5.88,1.758,11
2025-10-19T00:00:00.000Z,6.3,6.3,6.3,6.3,6.3,0,1
2025-10-20T00:00:00.000Z,2.6,8.48,6.68,6.28,7.07,0.763,63
2025-10-21T00:00:00.000Z,2.7,2.7,2.7,2.7,2.7,0,1
2025-10-22T00:00:00.000Z,2.02,6.78,2.79,2.49,3.58,1.222,20
2025-10-25T00:00:00.000Z,3.65,3.65,3.65,3.65,3.65,0,1
2025-10-26T00:00:00.000Z,1.58,3.05,2.17,2,2.4,0.313,46
2025-10-27T00:00:00.000Z,5.82,30.83,11.45,8.13,16.1,7.219,10
2025-10-28T00:00:00.000Z,1.25,10.13,2.88,1.9,4.63,2.186,353
2025-10-29T00:00:00.000Z,1.5,4.82,2.72,2.1,3.35,0.769,133
2025-10-30T00:00:00.000Z,1.2,166.55,2.15,1.85,2.8,13.042,469
2025-10-31T00:00:00.000Z,1.9,133.69,2.8,2.47,3.2,20.157,282
2025-11-01T00:00:00.000Z,3.35,10.3,5.07,4.18,6.2,1.273,68
2025-11-02T00:00:00.000Z,1.35,38,3.4,2.7,4.87,2.932,273
2025-11-03T00:00:00.000Z,1.02,50.95,1.9,1.5,2.92,6.252,131
2025-11-04T00:00:00.000Z,0.65,55.3,1.3,1.02,1.82,3.906,321
2025-11-05T00:00:00.000Z,1.73,15.9,2.42,2.2,2.8,1.371,103
2025-11-06T00:00:00.000Z,1.8,116.13,6.2,4.03,10.48,11.099,375
2025-11-07T00:00:00.000Z,1.9,11.55,7.75,5.98,9.18,2.497,285
2025-11-08T00:00:00.000Z,1.95,131.57,3.49,2.75,7.53,22.752,186
2025-11-09T00:00:00.000Z,1.88,53.7,4.59,2.9,6.44,7.88,172
2025-11-10T00:00:00.000Z,13,13,13,13,13,0,1
2025-11-12T00:00:00.000Z,2.25,4.68,3.14,2.85,3.65,0.509,50
2025-11-13T00:00:00.000Z,1.23,82.43,6.87,2.41,10.61,9.689,460
2025-11-14T00:00:00.000Z,2.4,121.43,7.3,5.07,12.23,11.609,513
2025-11-15T00:00:00.000Z,2.6,136.63,7.82,5.4,10.7,12.863,573
2025-11-16T00:00:00.000Z,2.1,17.85,7,6.17,8.38,3.029,256