date, pm25, pm10, o3, no2, co
2017/1/2, 22, 22, 33, 7, 1
2017/1/3, 49, 5, 31, 2, 1
2017/1/6, 39, 21, 19, 10, 2
2017/1/7, 65, 14, 13, 7, 2
2017/1/8, 60, 17, 26, 9, 1
2017/1/9, 58, 23, 17, 9, 1
2016/10/1, 25, 9, 27, 4, 1
2016/10/2, 25, 4, 24, 2, 1
2016/10/3, 10, 5, 23, 2, 1
2016/10/4, 10, 9, 24, 2, 1
2016/10/5, 23, 10, 25, 2, 1
2016/10/6, 25, 8, 23, 3, 1
2016/10/7, 30, 5, 21, 1, 1
2016/10/8, 24, 7, 21, 1, 1
2016/10/9, 30, 7, 20, 3, 1
2016/10/10, 28, 10, 23, 2, 1
2016/10/11, 38, 12, 20, 2, 1
2016/10/12, 38, 12, 23, 2, 1
2016/10/13, 53, 17, 25, 2, 1
2016/10/14, 53, 18, 24, 1, 1
2016/10/15, 58, 14, 12, 4, 1
2016/10/16, 57, 28, 15, 4, 1
2016/10/17, 75, 31, 13, 7, 2
2016/10/18, 89, 25, 14, 5, 2
2016/10/19, 78, 10, 24, 4, 1
2016/10/20, 30, 18, 16, 3, 1
2016/10/21, 33, 8, 15, 2, 1
2016/10/22, 28, 7, 19, 3, 1
2016/10/23, 28, 16, 16, 5, 2
2016/10/24, 56, 12, 12, 6, 1
2016/10/25, 44, 20, 16, 11, 2
2016/10/26, 63, 29, 19, 8, 1
2016/10/27, 74, 16, 31, 4, 1
2016/10/28, 34, 17, 32, 1, 1
2016/10/29, 33, 12, 24, 4, 1
2016/10/30, 32, 19, 11, 11, 1
2016/10/31, 58, 16, 26, 4, 1
2016/11/1, 35, 5, 23, 3, 1
2016/11/3, 35, 18, 16, 11, 1
2016/11/4, 62, 20, 17, 8, 1
2016/11/5, 62, 6, 23, 2, 1
2016/11/6, 19, 6, 22, 3, 1
2016/11/7, 19, 10, 20, 3, 1
2016/11/8, 38, 12, 15, 8, 1
2016/11/9, 43, 8, 20, 4, 1
2016/11/10, 32, 7, 17, 7, 1
2016/11/11, 26, 14, 15, 12, 2
2016/11/12, 57, 15, 18, 7, 1
2016/11/13, 59, 24, 14, 9, 2
2016/11/14, 81, 22, 25, 9, 2
2016/11/15, 53, 32, 22, 10, 1
2016/11/16, 48, 18, 21, 7, 1
2016/11/17, 44, 10, 26, 5, 1
2016/11/18, 28, 13, 25, 4, 1
2016/11/19, 30, 13, 23, 4, 1
2016/11/20, 45, 16, 23, 11, 1
2016/11/21, 50, 26, 6, 13, 2
2016/11/22, 60, 26, 10, 19, 2
2016/11/23, 60, 12, 19, 11, 1
2016/11/24, 38, 13, 19, 8, 1
2016/11/25, 34, 16, 33, 2, 1
2016/11/26, 34, 8, 30, 1, 1
2016/11/27, 31, 12, 28, 9, 1
2016/11/28, 31, 15, 25, 8, 1
2016/11/29, 50, 17, 29, 4, 1
2016/11/30, 45, 10, 30, 3, 1
2016/12/1, 16, 9, 29, 5, 1
2016/12/2, 15, 18, 17, 10, 1
2016/12/3, 50, 16, 20, 7, 1
2016/12/4, 56, 13, 24, 6, 1
2016/12/5, 35, 15, 19, 17, 2
2016/12/6, 36, 21, 16, 13, 1
2016/12/7, 83, 27, 17, 7, 1
2016/12/8, 58, 16, 21, 4, 1
2016/12/13, 42, 18, 11, 16, 2
2016/12/14, 42, 11, 21, 15, 1
2016/12/15, 25, 16, 21, 6, 1
2016/12/16, 45, 29, 12, 8, 1
2016/12/17, 85, 13, 26, 4, 1
2016/12/18, 48, 14, 23, 6, 1
2016/12/19, 42, 15, 21, 6, 1
2016/12/20, 59, 29, 13, 10, 2
2016/12/21, 91, 23, 18, 11, 1
2016/12/22, 78, 21, 21, 6, 1
2016/12/23, 55, 16, 30, 2, 1
2016/12/24, 32, 17, 28, 1, 1
2016/12/25, 45, 13, 33, 1, 
2016/12/26, 19, 23, 31, 1, 1
2016/12/27, 38, 21, 19, 9, 1
2016/12/28, 45, 20, 28, 5, 1
2016/12/29, 54, 39, 9, 13, 2
2016/12/30, 90, 36, 24, 3, 1
2016/12/31, 71, 28, 27, 3, 1
2017/1/1, 59, 11, 23, 9, 1
2016/7/1, 55, 11, 23, 4, 
2016/7/2, 33, 10, , 3, 
2016/7/3, 20, 14, , 3, 
2016/7/4, 31, 15, , 10, 
2016/7/5, 50, 8, , 2, 
2016/7/6, 33, 13, 26, 2, 2
2016/7/7, 33, 17, 38, 4, 1
2016/7/8, 52, 11, 31, 2, 
2016/7/9, 56, 22, 22, 3, 
2016/7/10, 56, 16, 30, 4, 
2016/7/11, 49, 15, 26, 3, 
2016/7/12, 41, 10, 30, 2, 
2016/7/13, 23, 18, 25, 3, 1
2016/7/14, 29, 15, 27, 3, 1
2016/7/15, 38, 13, 28, 2, 1
2016/7/16, 38, 12, 29, 2, 1
2016/7/17, 34, 11, 24, 2, 1
2016/7/18, 33, 13, 27, 4, 1
2016/7/19, 28, 16, 27, 7, 1
2016/7/20, 42, 12, 31, 6, 1
2016/7/21, 42, 14, 35, 8, 1
2016/7/22, 35, 16, 38, 8, 1
2016/7/23, 53, 14, 38, 3, 1
2016/7/24, 50, 23, 36, 5, 1
2016/7/25, 66, 16, 29, 3, 1
2016/7/26, 46, 17, 31, 5, 1
2016/7/27, 36, 45, 31, 4, 1
2016/7/28, 46, 18, 32, 7, 1
2016/7/29, 54, 10, 26, 3, 1
2016/7/30, 54, 9, 26, 3, 1
2016/7/31, 27, 9, 26, 3, 1
2016/8/1, 28, 12, 27, 4, 1
2016/8/2, 43, 16, 30, 9, 1
2016/8/3, 51, , 29, 2, 1
2016/8/4, 44, , 29, 3, 1
2016/8/5, 26, , 27, 2, 
2016/8/6, 32, , 28, 2, 1
2016/8/7, 50, , 26, 3, 1
2016/8/8, 43, , 23, 2, 
2016/8/9, 21, 13, 20, 3, 1
2016/8/10, 27, 13, 26, 3, 1
2016/8/11, 35, 13, 21, 6, 1
2016/8/12, 41, 16, 25, 2, 1
2016/8/13, 36, 8, 22, 1, 1
2016/8/14, 33, 13, 25, 3, 1
2016/8/15, 31, 12, 21, 5, 1
2016/8/16, 42, 11, 29, 4, 1
2016/8/17, 33, 10, 19, 3, 1
2016/8/18, 36, 10, 25, 6, 1
2016/8/19, 36, 24, 33, 7, 1
2016/8/20, 61, 18, 34, 5, 1
2016/8/21, 61, 19, 29, 5, 1
2016/8/22, 56, 13, 28, 3, 1
2016/8/23, 37, 13, 24, 10, 1
2016/8/24, 55, 25, 39, 7, 1
2016/8/25, 60, 25, 58, 7, 1
2016/8/26, 67, 14, 30, 5, 1
2016/8/27, 35, 19, 28, 6, 1
2016/8/28, 51, 11, 27, 4, 1
2016/8/29, 35, 14, 27, 4, 1
2016/8/30, 43, 18, 34, 7, 1
2016/8/31, 53, 21, 28, 7, 1
2016/9/1, 59, , 24, 5, 1
2016/9/4, 75, 23, 23, 5, 2
2016/9/5, 75, 15, 28, 9, 1
2016/9/6, 41, 25, 30, 9, 1
2016/9/7, 78, 30, 43, 11, 1
2016/9/8, 78, 35, 39, 10, 1
2016/9/9, 76, 19, 36, 9, 1
2016/9/10, 55, 15, 32, 4, 1
2016/9/11, 48, 18, 25, 7, 1
2016/9/12, 46, 21, 32, 9, 1
2016/9/13, 52, 19, 30, 11, 1
2016/9/14, 45, 25, 32, 11, 1
2016/9/15, 62, 16, 29, 7, 1
2016/9/16, 48, 10, 26, 2, 1
2016/9/17, 28, 11, 25, 2, 1
2016/9/18, 32, 12, 26, 5, 1
2016/9/19, 27, 15, 26, 6, 1
2016/9/20, 43, 12, 26, 5, 1
2016/9/21, 34, 17, 27, 9, 1
2016/9/22, 50, 23, 29, 10, 1
2016/9/23, 59, 14, 31, 4, 1
2016/9/24, 55, 19, 35, 6, 1
2016/9/25, 55, 22, 32, 9, 1
2016/9/26, 59, 23, 28, 10, 1
2016/9/27, 59, 30, 26, 4, 1
2016/9/28, 55, 21, 23, 4, 1
2016/9/29, 55, 13, 25, 4, 1
2016/9/30, 28, 18, 24, 6, 1
2016/4/1, 24, 18, 29, 7, 1
2016/4/2, 54, 27, 24, 12, 1
2016/4/3, 78, 44, 20, 14, 2
2016/4/4, 101, 31, 24, 10, 2
2016/4/5, 82, 13, 31, 6, 1
2016/4/6, 52, 12, 31, 4, 1
2016/4/7, 38, 11, 33, 5, 1
2016/4/8, 28, 13, 34, 7, 2
2016/4/9, 37, 9, 32, 6, 1
2016/4/10, 30, 13, 34, 4, 1
2016/4/11, 39, 21, 33, 5, 1
2016/4/12, 43, 18, 33, 6, 1
2016/4/13, 43, 11, 35, 6, 1
2016/4/14, 31, 22, 28, 8, 1
2016/4/15, 72, 20, 33, 6, 1
2016/4/16, 68, 11, 35, 1, 1
2016/4/17, 18, 20, 32, 4, 1
2016/4/18, 40, 25, 35, 3, 1
2016/4/19, 34, 14, 34, 3, 1
2016/4/20, 30, 30, 33, 4, 1
2016/4/21, 51, 13, 34, 1, 1
2016/4/22, 30, 9, 33, 3, 1
2016/4/23, 18, 8, 32, 3, 1
2016/4/24, 25, 11, 32, 5, 1
2016/4/25, 33, 13, 32, 6, 1
2016/4/26, 47, 8, 36, 5, 1
2016/4/27, 35, 8, 33, 8, 1
2016/4/28, 26, 15, 34, 6, 1
2016/4/29, 45, 19, 34, 7, 2
2016/4/30, 62, 14, 35, 5, 2
2016/5/1, 42, 21, 42, 10, 2
2016/5/2, 55, 5, 39, 7, 1
2016/5/3, 53, 13, 37, 3, 1
2016/5/4, 30, , 41, 4, 1
2016/5/5, 33, 20, 43, 9, 1
2016/5/6, 41, 20, 46, 4, 1
2016/5/7, 53, 20, 45, 6, 1
2016/5/8, 52, 28, 41, 8, 1
2016/5/9, 56, 30, 49, 7, 1
2016/5/10, 63, 25, 44, 6, 1
2016/5/11, 52, 13, 37, 5, 1
2016/5/12, 16, 19, 43, 7, 1
2016/5/13, 45, 10, 35, 1, 1
2016/5/14, 23, 9, 29, 1, 1
2016/5/15, 23, 13, 31, 1, 1
2016/5/16, 28, 14, 38, 2, 1
2016/5/17, 29, 13, 40, 4, 1
2016/5/18, 37, 24, 39, 8, 1
2016/5/19, 72, 31, 36, 10, 2
2016/5/20, 84, 22, 34, 4, 1
2016/5/21, 65, 21, 49, 5, 1
2016/5/22, 64, 19, 40, 6, 1
2016/5/23, 61, 26, 44, 7, 1
2016/5/24, 75, 19, 40, 6, 1
2016/5/25, 49, 12, 26, 6, 1
2016/5/26, 22, 13, 30, 6, 1
2016/5/27, 33, 14, 32, 7, 1
2016/5/28, 45, 22, 37, 5, 1
2016/5/29, 58, 23, 33, 5, 1
2016/5/30, 60, 25, 33, 6, 1
2016/5/31, 62, 22, 41, 5, 1
2016/6/1, 59, 26, 37, 9, 1
2016/6/2, 56, 25, 41, 8, 1
2016/6/3, 58, 23, 48, 6, 1
2016/6/4, 60, 11, 36, 3, 1
2016/6/5, 34, 12, 36, 4, 1
2016/6/6, 21, 19, 40, 5, 1
2016/6/7, 49, 18, 33, 4, 1
2016/6/8, 41, 22, 36, 4, 1
2016/6/9, 40, 14, 35, 2, 1
2016/6/10, 19, 11, 29, 3, 1
2016/6/11, 31, 13, 31, 4, 1
2016/6/12, 28, 17, 35, 3, 1
2016/6/13, 52, 17, 34, 5, 1
2016/6/14, 65, 21, 40, 7, 1
2016/6/15, 59, 38, 34, 9, 1
2016/6/16, 59, 21, 38, 9, 1
2016/6/17, 35, 11, 34, 1, 
2016/6/18, 36, 15, 34, 1, 
2016/6/19, 36, 19, 37, 4, 
2016/6/20, 45, 11, 35, 4, 1
2016/6/21, 43, 17, 37, 9, 1
2016/6/22, 58, 27, 42, 8, 1
2016/6/23, 56, 23, 42, 7, 1
2016/6/24, 69, 25, 37, 4, 1
2016/6/25, 75, 12, 41, 2, 
2016/6/26, 55, 13, 36, 3, 
2016/6/27, 45, 13, 30, 3, 
2016/6/28, 34, 16, 36, 6, 
2016/6/29, 52, 21, 31, 5, 
2016/6/30, 45, 15, 25, 5, 
2016/1/4, 40, 24, 25, 2, 1
2016/1/5, 23, 10, 19, 2, 1
2016/1/6, 49, 20, 21, 5, 1
2016/1/7, 59, 37, 15, 9, 4
2016/1/8, 104, 29, 13, 11, 3
2016/1/9, 82, 29, 17, 7, 2
2016/1/10, 79, 16, 12, 11, 2
2016/1/11, 62, 18, 14, 9, 2
2016/1/12, 63, 6, 21, 5, 1
2016/1/14, 34, 10, 21, 7, 1
2016/1/15, 40, 18, 28, 14, 2
2016/1/16, 59, 10, 23, 7, 2
2016/1/17, 39, 16, 18, 12, 2
2016/1/18, 55, 18, 20, 8, 1
2016/1/19, 58, 5, 24, 7, 1
2016/1/20, 30, 17, 13, 19, 2
2016/1/21, 61, 23, 19, 15, 2
2016/1/22, 76, 34, 18, 13, 2
2016/1/23, 93, 18, 17, 8, 1
2016/1/24, 61, 14, 7, 12, 2
2016/1/25, 52, 24, 22, 7, 1
2016/1/26, 60, 9, 22, 5, 1
2016/1/27, 31, 13, 28, 3, 1
2016/1/28, 18, 20, 28, 5, 1
2016/1/29, 46, 15, 29, 3, 1
2016/1/30, 19, 6, 30, 2, 1
2016/1/31, 23, 15, 31, 9, 1
2016/2/1, 47, 24, 31, 2, 1
2016/2/2, 66, 12, 28, 4, 1
2016/2/3, 16, 18, 24, 5, 1
2016/2/4, 22, 14, 54, 11, 2
2016/2/5, 43, 20, , 6, 1
2016/2/6, 69, 14, , 7, 1
2016/2/7, 44, 11, 29, 6, 1
2016/2/8, 36, 13, 26, 6, 1
2016/2/9, 44, 11, 24, 7, 1
2016/2/10, 36, 14, 21, 10, 2
2016/2/11, 48, 8, 25, 7, 2
2016/2/12, 26, 10, 27, 4, 1
2016/2/13, 35, 15, 24, 2, 1
2016/2/14, 56, 6, 22, 5, 1
2016/2/15, 15, 16, 17, 13, 2
2016/2/16, 30, 14, 22, 7, 2
2016/2/17, 52, 28, 16, 10, 2
2016/2/18, 88, 43, 13, 13, 2
2016/2/19, 119, 24, 28, 5, 1
2016/2/21, 34, 9, 30, 3, 1
2016/2/22, 20, 14, 29, 4, 1
2016/2/23, 30, 13, 28, 4, 1
2016/2/24, 22, 11, 29, 7, 1
2016/2/25, 28, 15, 26, 8, 1
2016/2/26, 40, 14, 23, 8, 1
2016/2/27, 49, 17, 27, 5, 1
2016/2/28, 53, 15, 26, 9, 1
2016/2/29, 49, 15, 29, 6, 1
2016/3/1, 50, 19, 31, 9, 1
2016/3/2, 64, 18, 24, 10, 1
2016/3/3, 43, 20, 24, 9, 1
2016/3/4, 69, 28, 26, 5, 1
2016/3/5, 80, 16, 20, 4, 2
2016/3/6, 60, 14, 25, 7, 2
2016/3/7, 43, 12, 22, 8, 2
2016/3/8, 51, 25, 19, 11, 2
2016/3/9, 73, 20, 28, 7, 1
2016/3/10, 67, 18, 24, 7, 1
2016/3/11, 61, 19, 23, 6, 2
2016/3/12, 59, 19, 22, 7, 2
2016/3/13, 67, 25, 25, 6, 2
2016/3/14, 75, 12, 27, 6, 1
2016/3/15, 40, 19, 24, 12, 1
2016/3/16, 48, 19, 25, 6, 1
2016/3/17, 60, 12, 22, 6, 1
2016/3/18, 38, 19, 26, 8, 1
2016/3/19, 63, 17, 26, 5, 1
2016/3/20, 45, 15, 32, 3, 1
2016/3/21, 29, 17, 27, 5, 1
2016/3/22, 39, 13, 27, 4, 1
2016/3/23, 30, 13, 28, 7, 1
2016/3/24, 44, 28, 24, 5, 2
2016/3/25, 88, 15, 31, 3, 1
2016/3/26, 42, 21, 31, 4, 1
2016/3/27, 71, 17, 31, 4, 1
2016/3/28, 56, 12, 27, 5, 1
2016/3/29, 33, 12, 30, 7, 1
2016/3/30, 40, 12, 32, 5, 1
2016/3/31, 29, 12, 32, 4, 1
2015/10/1, 57, 20, 24, 8, 1
2015/10/2, 47, 25, 28, 7, 1
2015/10/3, 65, 19, 29, 7, 1
2015/10/4, 64, 23, 23, 7, 1
2015/10/5, 68, 23, 25, 3, 1
2015/10/6, 29, 21, 24, 2, 1
2015/10/7, 32, 20, 23, 5, 1
2015/10/8, 44, 20, 24, 6, 1
2015/10/9, 32, , 26, 3, 1
2015/10/14, 82, 37, 30, 5, 2
2015/10/15, 96, 24, 25, 5, 2
2015/10/16, 76, 41, 17, 4, 2
2015/10/17, 120, 43, 18, 6, 2
2015/10/18, 118, 13, 14, 12, 2
2015/10/19, 51, 15, 16, 10, 1
2015/10/20, 40, 19, 22, 10, 1
2015/10/21, 55, 19, 19, 7, 1
2015/10/22, 63, 24, 27, 6, 1
2015/10/23, 33, 29, 22, 7, 1
2015/10/24, 68, 15, 27, 4, 1
2015/10/25, 39, 26, 22, 15, 2
2015/10/26, 48, 20, 21, 12, 1
2015/10/27, 52, 18, 25, 5, 1
2015/10/28, 47, 25, 18, 7, 2
2015/10/29, 75, 44, 19, 8, 2
2015/10/30, 111, 54, 18, 8, 3
2015/10/31, 152, , 14, 7, 3
2015/11/2, 66, 17, 12, 11, 2
2015/11/3, 62, 39, 11, 12, 2
2015/11/4, 104, 42, 3, 15, 3
2015/11/5, 118, 33, 1, 15, 3
2015/11/6, 99, 13, 16, 7, 1
2015/11/7, 53, 17, 31, 4, 1
2015/11/8, 38, 23, 26, 5, 1
2015/11/9, 47, 16, 24, 4, 1
2015/11/10, 54, 11, 23, 7, 1
2015/11/11, 37, 19, 26, 6, 1
2015/11/12, 49, 19, 27, 7, 1
2015/11/13, 21, 10, 30, 3, 1
2015/11/14, 46, 16, 25, 10, 2
2015/11/15, 46, 15, 21, 11, 1
2015/11/16, 35, 20, 27, 9, 1
2015/11/17, 45, 13, 25, 6, 1
2015/11/18, 38, 11, 27, 5, 1
2015/11/19, 12, 5, 19, 7, 1
2015/11/20, 20, 6, 21, 2, 1
2015/11/21, 20, 2, 24, 1, 1
2015/11/23, 33, 17, 21, 8, 1
2015/11/24, 55, 16, 11, 12, 2
2015/11/25, 54, 14, 8, 17, 2
2015/11/26, 37, 26, 17, 9, 2
2015/11/27, 56, 15, 23, 6, 1
2015/11/28, 46, 15, 25, 3, 1
2015/11/29, 46, 12, 30, 5, 1
2015/11/30, 18, 17, 26, 7, 1
2015/12/1, 40, 21, 20, 11, 1
2015/12/2, 50, 18, 20, 11, 2
2015/12/3, 60, 20, 26, 6, 1
2015/12/4, 41, 22, 23, 4, 1
2015/12/5, 56, 20, 27, 3, 1
2015/12/6, 52, 25, 28, 14, 2
2015/12/7, 46, 22, 15, 13, 2
2015/12/8, 68, 21, 20, 11, 2
2015/12/9, 52, 27, 18, 7, 1
2015/12/10, 59, 14, 23, 8, 1
2015/12/11, 40, 14, 24, 6, 1
2015/12/12, 24, 11, 25, 6, 2
2015/12/13, 20, 16, 20, 19, 2
2015/12/14, 42, 10, 23, 7, 1
2015/12/15, 24, 27, 19, 10, 2
2015/12/16, 76, 34, 9, 15, 2
2015/12/17, 65, 28, 20, 10, 1
2015/12/18, 69, 29, 19, 5, 1
2015/12/19, 76, 24, , , 
2015/12/20, 64, 20, 24, 7, 1
2015/12/21, 52, 23, 28, 5, 1
2015/12/22, 58, 12, 27, 4, 1
2015/12/23, 22, 18, 23, 4, 1
2015/12/24, 56, 17, 30, 2, 1
2015/12/25, 36, 4, 30, 3, 1
2015/12/26, 14, 15, 26, 3, 1
2015/12/27, 30, 7, 26, 3, 1
2015/12/29, 34, 20, 20, 5, 2
2015/12/30, 64, , , , 
2016/1/1, 104, , 22, 2, 2
2016/1/2, 53, , 24, 2, 1
2016/1/3, 43, , 27, 3, 1
2015/9/18, 30, 11, 29, 4, 1
2015/9/19, 39, , 33, 4, 1
2015/9/21, 37, 25, 31, 6, 1
2015/9/22, 70, 17, 22, 10, 1
2015/9/23, 52, 18, 26, 8, 1
2015/9/24, 59, 15, 23, 7, 1
2015/9/25, 33, 13, 24, 6, 1
2015/9/26, 28, 12, 27, 4, 1
2015/9/27, 27, 8, 24, 4, 1
2015/9/28, 28, 10, 21, 10, 1
2015/9/29, 28, 21, 25, 10, 1
2015/9/30, 54, 23, 27, 12, 2
2017/1/4, , 4, 29, 3, 1
2017/1/5, , 11, 27, 9, 1
2017/1/10, , 23, 29, 7, 1
2017/1/11, , 11, 30, 4, 1
2017/1/12, , 21, 20, 12, 1
2017/1/13, , 17, 21, 9, 1
2017/1/14, , 8, 21, 6, 1
2017/1/15, , 7, 24, 9, 1
2017/1/16, , 12, 26, 8, 1
2017/1/17, , 25, 16, 10, 1
2017/1/18, , 16, 20, 8, 1
2017/1/19, , 11, 23, 4, 1
2017/1/20, , 9, 17, 6, 1
2017/1/21, , 12, 20, 6, 1
2017/1/22, , 27, 23, 10, 1
2017/1/23, , 21, 16, 9, 2
2017/1/24, , 24, 16, 7, 1
2017/1/25, , 24, 20, 10, 2
2017/1/26, , 36, 13, 12, 2
2017/1/27, , 52, 23, 12, 3
2017/1/28, , 48, 16, 10, 3
2017/1/29, , 32, 19, 11, 2
2017/1/30, , 42, 32, 3, 3
2017/1/31, , 58, 28, 8, 4
2017/2/1, , 48, 23, 7, 4
2017/2/2, , 42, 23, 6, 3
2017/2/3, , 18, 19, 7, 4
2017/2/4, , 28, 32, 4, 3
2017/2/5, , 9, 30, 2, 1
2017/2/6, , 9, 30, 1, 1
2017/2/7, , 9, 28, 4, 1
2017/2/8, , 16, 24, 5, 2
2017/2/9, , 26, 32, 4, 2
2017/2/10, , 11, 32, 2, 1
2017/2/11, , 9, 32, 1, 1
2017/2/12, , 16, 30, 8, 1
2017/2/13, , 30, 13, 22, 2
2017/2/14, , 45, 14, 24, 3
2017/2/15, , 52, 20, 16, 3
2017/2/16, , 15, 20, 7, 1
2017/2/17, , 13, 26, 3, 2
2017/2/20, , 50, 29, 2, 2
2017/2/21, , 26, 33, 3, 1
2017/2/22, , 17, 33, 4, 1
2017/2/23, , 7, 29, 5, 1
2017/2/24, , 17, 26, 4, 1
2017/2/25, , 12, 26, 4, 1
2017/2/26, , 18, 26, 7, 1
2017/2/27, , 10, 30, 6, 1
2017/2/28, , 14, 28, 5, 
2017/3/1, , 14, 26, 8, 
2017/3/2, , 24, 29, 7, 1
2017/3/3, , 25, 23, 10, 2
2017/3/4, , 17, 24, 3, 2
2017/3/5, , 5, 30, 1, 2
2017/3/6, , 9, 29, 4, 1
2017/3/7, , 9, 27, 6, 1
2017/3/8, , 22, 20, 7, 2
2017/3/9, , 9, 33, 5, 1
2017/3/10, , 11, 26, 7, 1
2017/3/11, , 11, 29, 7, 1
2017/3/12, , 10, 25, 9, 1
2017/3/13, , 24, 27, 7, 1
2017/3/14, , 31, 27, 2, 1
2017/3/15, , 31, 23, 6, 1
2017/3/16, , 19, 33, 4, 1
2017/3/17, , 6, 34, 2, 1
2016/11/2, , 10, 18, 8, 1
2016/12/9, , 15, 23, 4, 1
2016/12/10, , 13, 25, 3, 1
2016/12/11, , 7, 25, 7, 1
2016/12/12, , 41, 22, 11, 1
2016/1/13, , 9, 25, 5, 1
2016/2/20, , 13, 30, 2, 1
2015/10/10, , 9, 27, 2, 1
2015/10/11, , 14, 27, 4, 1
2015/10/12, , 20, 26, 4, 1
2015/10/13, , 29, 25, 5, 1
2015/11/1, , 21, 16, 8, 2
2015/11/22, , 10, 23, 16, 2
2015/12/28, , 10, 27, 2, 1
2015/9/17, , 17, 26, 6, 1
2015/9/20, , 11, 28, 3, 1
2025/11/1, , , 18, 2, 1
2025/11/2, , , 22, 3, 1
2025/11/3, , , 24, 2, 1
2025/11/4, , , 19, 5, 1
2025/11/5, , , 16, 10, 1
2025/11/6, , , 6, , 
2025/10/1, , , 22, 5, 1
2025/10/2, , , 26, 2, 1
2025/10/3, , , 30, 1, 1
2025/10/4, , , 27, , 1
2025/10/5, , , 26, 2, 1
2025/10/6, , , 22, 4, 1
2025/10/7, , , 15, 3, 1
2025/10/8, , , 21, 3, 1
2025/10/9, , , 26, , 1
2025/10/10, , , 33, , 1
2025/10/11, , , 33, 1, 1
2025/10/12, , , 25, 4, 1
2025/10/13, , , 22, 3, 1
2025/10/14, , , 23, 3, 1
2025/10/15, , , 25, 1, 1
2025/10/16, , , 27, 2, 
2025/10/17, , , 24, 2, 1
2025/10/18, , , 25, 2, 1
2025/10/19, , , 28, 2, 1
2025/10/20, , , 25, 3, 1
2025/10/21, , , 18, 3, 1
2025/10/22, , , 20, 5, 1
2025/10/23, , , 20, 1, 1
2025/10/24, , , 25, 1, 1
2025/10/25, , , 25, 1, 1
2025/10/26, , , 26, 2, 1
2025/10/27, , , 24, 3, 1
2025/10/28, , , 25, 2, 1
2025/10/29, , , 20, 3, 1
2025/10/30, , , 27, 5, 1
2025/10/31, , , 20, 4, 1
2025/7/1, , , 34, 3, 1
2025/7/2, , , 53, , 
2025/7/3, , , 34, , 1
2025/7/4, , , 29, , 1
2025/7/5, , , 32, , 1
2025/7/6, , , 28, , 1
2025/7/7, , , 25, , 1
2025/7/8, , , 26, , 
2025/7/9, , , 24, , 
2025/7/10, , , 29, 1, 1
2025/7/11, , , 27, , 
2025/7/13, , , 38, 2, 1
2025/7/14, , , 39, 1, 1
2025/7/15, , , 40, , 
2025/7/16, , , 31, , 1
2025/7/17, , , 36, , 
2025/7/18, , , 37, 1, 1
2025/7/19, , , 39, 3, 1
2025/7/20, , , 35, 1, 1
2025/7/21, , , 32, 2, 1
2025/7/22, , , 33, 1, 1
2025/7/23, , , 33, , 1
2025/7/24, , , 38, , 1
2025/7/25, , , 32, 1, 
2025/7/26, , , 31, , 1
2025/7/27, , , 28, , 1
2025/7/28, , , 29, , 2
2025/7/29, , , 28, 1, 1
2025/7/30, , , 28, 1, 
2025/7/31, , , 27, 2, 1
2025/8/1, , , 35, 2, 1
2025/8/2, , , 32, , 1
2025/8/3, , , 23, , 1
2025/8/4, , , 34, , 
2025/8/5, , , 27, , 1
2025/8/6, , , 27, 1, 1
2025/8/7, , , 36, 2, 1
2025/8/8, , , 43, 2, 1
2025/8/9, , , 35, , 1
2025/8/10, , , 27, 1, 1
2025/8/11, , , 29, 4, 1
2025/8/12, , , 32, 4, 1
2025/8/13, , , 40, 4, 1
2025/8/14, , , 52, 3, 1
2025/8/15, , , 49, , 1
2025/8/16, , , 29, , 1
2025/8/17, , , 28, 4, 1
2025/8/18, , , 27, 2, 1
2025/8/19, , , 34, 1, 1
2025/8/20, , , 28, 1, 1
2025/8/21, , , 28, 1, 
2025/8/22, , , 28, 1, 
2025/8/23, , , 24, , 
2025/8/24, , , 28, 1, 
2025/8/25, , , 31, 3, 
2025/8/26, , , 31, 4, 1
2025/8/27, , , 33, 6, 1
2025/8/28, , , 39, 5, 1
2025/8/29, , , 34, 4, 1
2025/8/30, , , 33, 3, 1
2025/8/31, , , 36, 3, 1
2025/9/1, , , 38, 3, 1
2025/9/2, , , 24, 3, 1
2025/9/3, , , 34, 3, 1
2025/9/4, , , 31, 3, 1
2025/9/5, , , 27, 1, 1
2025/9/6, , , 29, 5, 1
2025/9/7, , , 29, 3, 1
2025/9/8, , , 35, 2, 1
2025/9/9, , , 37, 3, 1
2025/9/10, , , 37, 2, 
2025/9/11, , , 33, 1, 
2025/9/12, , , 27, 2, 1
2025/9/13, , , 27, 2, 
2025/9/14, , , 28, 1, 
2025/9/15, , , 32, 1, 1
2025/9/16, , , 28, 1, 1
2025/9/17, , , 28, 1, 1
2025/9/18, , , 27, 1, 
2025/9/19, , , 20, 3, 1
2025/9/20, , , 36, 2, 
2025/9/21, , , 28, 1, 
2025/9/22, , , 30, 2, 1
2025/9/23, , , 28, 3, 1
2025/9/24, , , 24, 1, 1
2025/9/25, , , 27, 1, 1
2025/9/26, , , 28, 2, 1
2025/9/27, , , 32, 2, 1
2025/9/28, , , 25, 2, 1
2025/9/29, , , 21, 2, 1
2025/9/30, , , 20, 5, 1
2025/4/1, , , 31, 5, 1
2025/4/2, , , 33, 5, 1
2025/4/3, , , 30, 2, 1
2025/4/4, , , 32, 1, 1
2025/4/5, , , 35, 1, 1
2025/4/6, , , 37, 1, 1
2025/4/7, , , 34, 3, 1
2025/4/8, , , 34, 2, 1
2025/4/9, , , 36, 1, 1
2025/4/10, , , 41, , 1
2025/4/11, , , 40, 1, 1
2025/4/12, , , 37, 2, 1
2025/4/13, , , 38, 4, 1
2025/4/14, , , 33, 2, 1
2025/4/15, , , 43, 3, 1
2025/4/16, , , 34, , 1
2025/4/17, , , 33, , 1
2025/4/18, , , 32, 1, 1
2025/4/19, , , 30, 1, 1
2025/4/20, , , 28, 1, 1
2025/4/21, , , 29, 2, 1
2025/4/22, , , 25, 1, 1
2025/4/23, , , 34, 1, 1
2025/4/24, , , 26, 2, 1
2025/4/25, , , 32, 1, 1
2025/4/26, , , 36, 2, 1
2025/4/27, , , 41, 1, 1
2025/4/28, , , 45, , 1
2025/4/29, , , 38, , 1
2025/4/30, , , 38, 2, 1
2025/5/1, , , 38, 2, 
2025/5/2, , , 41, , 1
2025/5/3, , , 34, , 1
2025/5/4, , , 31, 1, 1
2025/5/5, , , 32, , 1
2025/5/6, , , 33, 1, 1
2025/5/7, , , 36, 2, 1
2025/5/8, , , 35, 1, 1
2025/5/9, , , 35, 1, 1
2025/5/10, , , 33, 1, 1
2025/5/11, , , 37, 2, 1
2025/5/12, , , 35, 2, 
2025/5/13, , , 38, , 
2025/5/14, , , 39, , 
2025/5/15, , , 36, 1, 1
2025/5/16, , , 38, 1, 
2025/5/17, , , 34, , 1
2025/5/18, , , 36, 1, 1
2025/5/19, , , 39, 1, 1
2025/5/20, , , 41, , 
2025/5/21, , , 37, , 
2025/5/22, , , 33, , 1
2025/5/23, , , 28, 1, 1
2025/5/24, , , 34, 1, 1
2025/5/25, , , 31, , 1
2025/5/26, , , 34, , 1
2025/5/27, , , 31, 1, 1
2025/5/28, , , 35, , 
2025/5/29, , , 31, , 
2025/5/30, , , 25, 2, 
2025/5/31, , , 32, 2, 1
2025/6/1, , , 36, , 1
2025/6/2, , , 33, , 1
2025/6/3, , , 35, , 1
2025/6/4, , , 37, 1, 1
2025/6/5, , , 33, 1, 1
2025/6/6, , , 34, , 
2025/6/7, , , 34, 1, 1
2025/6/8, , , 32, , 
2025/6/9, , , 31, 1, 1
2025/6/10, , , 34, , 1
2025/6/11, , , 35, , 
2025/6/12, , , 32, 1, 1
2025/6/13, , , 30, , 1
2025/6/14, , , 36, 1, 1
2025/6/15, , , 48, , 1
2025/6/16, , , 31, , 1
2025/6/17, , , 39, , 1
2025/6/18, , , 39, , 1
2025/6/19, , , 29, , 1
2025/6/20, , , 34, , 1
2025/6/21, , , 36, , 1
2025/6/22, , , 42, , 
2025/6/23, , , 30, , 
2025/6/24, , , 29, , 
2025/6/25, , , 33, 1, 1
2025/6/26, , , 30, , 
2025/6/27, , , 29, , 
2025/6/28, , , 29, , 
2025/6/29, , , 31, , 
2025/6/30, , , 29, 1, 1
2025/1/1, , , 32, 1, 1
2025/1/2, , , 31, , 1
2025/1/3, , , 30, 2, 1
2025/1/4, , , 26, 2, 1
2025/1/5, , , 34, 3, 1
2025/1/6, , , 26, 1, 1
2025/1/7, , , 28, 1, 1
2025/1/8, , , 29, 2, 1
2025/1/9, , , 25, 2, 1
2025/1/10, , , 25, , 1
2025/1/11, , , 29, 2, 1
2025/1/12, , , 28, 6, 1
2025/1/13, , , 24, 2, 1
2025/1/14, , , 28, 7, 1
2025/1/15, , , 24, 3, 1
2025/1/16, , , 23, 5, 1
2025/1/17, , , 18, 2, 1
2025/1/18, , , 22, 5, 1
2025/1/19, , , 17, 7, 1
2025/1/20, , , 14, 6, 2
2025/1/21, , , 17, 5, 2
2025/1/22, , , 15, 5, 2
2025/1/23, , , 29, 2, 1
2025/1/24, , , 23, 2, 1
2025/1/25, , , 27, 4, 1
2025/1/26, , , 24, 3, 1
2025/1/27, , , 30, 7, 1
2025/1/28, , , 19, 5, 1
2025/1/29, , , 21, 2, 1
2025/1/30, , , 28, 3, 1
2025/1/31, , , 25, 1, 1
2025/2/1, , , 25, 2, 1
2025/2/2, , , 21, 3, 1
2025/2/3, , , 24, 3, 1
2025/2/4, , , 18, 2, 1
2025/2/5, , , 28, 3, 1
2025/2/6, , , 21, 1, 
2025/2/7, , , 25, 2, 1
2025/2/8, , , 18, 1, 1
2025/2/9, , , 22, 1, 1
2025/2/10, , , 30, 1, 1
2025/2/11, , , 30, 1, 1
2025/2/12, , , 27, , 1
2025/2/13, , , 25, 2, 1
2025/2/14, , , 28, 2, 1
2025/2/15, , , 28, 2, 1
2025/2/16, , , 29, 2, 1
2025/2/17, , , 28, 5, 1
2025/2/18, , , 27, 10, 2
2025/2/19, , , 20, 2, 2
2025/2/20, , , 32, 6, 2
2025/2/21, , , 25, 4, 2
2025/2/22, , , 21, 1, 1
2025/2/23, , , 24, 3, 1
2025/2/24, , , 23, 1, 1
2025/2/25, , , 27, , 1
2025/2/26, , , 16, , 1
2025/2/27, , , 18, 2, 1
2025/2/28, , , 26, 1, 1
2025/3/1, , , 28, , 1
2025/3/2, , , 33, 1, 1
2025/3/3, , , 32, 1, 1
2025/3/4, , , 31, 2, 1
2025/3/5, , , 34, 5, 2
2025/3/6, , , 31, 7, 2
2025/3/7, , , 27, 6, 1
2025/3/8, , , 28, 5, 1
2025/3/9, , , 41, 4, 1
2025/3/10, , , 36, 2, 1
2025/3/11, , , 27, 2, 1
2025/3/12, , , 26, 4, 1
2025/3/13, , , 22, 1, 1
2025/3/14, , , 28, 2, 1
2025/3/15, , , 32, , 
2025/3/16, , , 34, 2, 
2025/3/17, , , 32, 1, 1
2025/3/18, , , 34, 1, 1
2025/3/19, , , 34, 8, 1
2025/3/20, , , 31, 2, 1
2025/3/21, , , 34, , 1
2025/3/22, , , 35, 1, 1
2025/3/23, , , 34, 4, 
2025/3/24, , , 21, 3, 1
2025/3/25, , , 29, , 1
2025/3/26, , , 34, 1, 1
2025/3/27, , , 29, 4, 1
2025/3/28, , , 30, 2, 1
2025/3/29, , , 34, , 1
2025/3/30, , , 33, , 1
2025/3/31, , , 30, 2, 1
2024/10/1, , , 28, , 1
2024/10/2, , , 27, 1, 1
2024/10/3, , , 27, 4, 1
2024/10/4, , , 27, 5, 1
2024/10/5, , , 25, 7, 1
2024/10/6, , , 17, 2, 1
2024/10/7, , , 24, 4, 1
2024/10/8, , , 10, 3, 2
2024/10/9, , , 19, 2, 1
2024/10/10, , , 30, 1, 1
2024/10/11, , , 31, 1, 1
2024/10/12, , , 31, 2, 1
2024/10/13, , , 25, 2, 1
2024/10/14, , , 25, 2, 1
2024/10/15, , , 23, 2, 1
2024/10/16, , , 30, 2, 1
2024/10/17, , , 26, 5, 1
2024/10/18, , , 18, 5, 2
2024/10/19, , , 18, 3, 2
2024/10/20, , , 20, 1, 1
2024/10/21, , , 23, 2, 1
2024/10/22, , , 27, 2, 1
2024/10/23, , , 27, 4, 1
2024/10/24, , , 23, 6, 1
2024/10/25, , , 17, 7, 1
2024/10/26, , , 12, 3, 1
2024/10/27, , , 26, 3, 1
2024/10/28, , , 24, 4, 1
2024/10/29, , , 17, 1, 1
2024/10/30, , , 29, 2, 1
2024/10/31, , , 24, 1, 
2024/11/1, , , 33, 3, 1
2024/11/2, , , 29, 1, 1
2024/11/3, , , 26, 3, 1
2024/11/4, , , 23, 2, 1
2024/11/5, , , 24, 2, 1
2024/11/6, , , 21, 4, 1
2024/11/7, , , 26, 2, 1
2024/11/8, , , 22, 2, 1
2024/11/9, , , 21, 3, 2
2024/11/10, , , 20, 5, 2
2024/11/11, , , 6, 3, 1
2024/11/12, , , 15, 4, 1
2024/11/13, , , 22, 4, 1
2024/11/14, , , 24, 2, 1
2024/11/15, , , 29, 1, 1
2024/11/16, , , 29, 1, 1
2024/11/17, , , 26, 2, 1
2024/11/18, , , 26, 6, 1
2024/11/19, , , 33, 4, 1
2024/11/20, , , 24, 10, 1
2024/11/21, , , 19, 6, 1
2024/11/22, , , 23, 2, 1
2024/11/23, , , 25, 1, 1
2024/11/24, , , 24, 2, 1
2024/11/25, , , 29, 2, 1
2024/11/26, , , 24, 3, 1
2024/11/27, , , 25, , 1
2024/11/28, , , 26, 3, 1
2024/11/29, , , 20, 2, 1
2024/11/30, , , 20, 4, 1
2024/12/1, , , 14, 5, 2
2024/12/2, , , 10, 3, 1
2024/12/3, , , 24, 1, 1
2024/12/4, , , 24, 4, 1
2024/12/5, , , 21, 3, 1
2024/12/6, , , 19, 2, 1
2024/12/7, , , 18, 1, 1
2024/12/8, , , 14, , 1
2024/12/9, , , 23, 1, 1
2024/12/10, , , 23, 2, 1
2024/12/11, , , 24, 4, 1
2024/12/12, , , 22, 2, 1
2024/12/13, , , 25, 2, 1
2024/12/14, , , 27, 1, 1
2024/12/15, , , 29, , 1
2024/12/16, , , 30, 2, 1
2024/12/17, , , 28, 2, 1
2024/12/18, , , 28, 1, 1
2024/12/19, , , 30, 1, 1
2024/12/20, , , 30, 1, 1
2024/12/21, , , 22, 1, 1
2024/12/22, , , 29, 3, 1
2024/12/23, , , 27, 3, 1
2024/12/24, , , 21, 3, 1
2024/12/25, , , 16, 1, 1
2024/12/26, , , 20, 2, 1
2024/12/27, , , 15, 3, 1
2024/12/28, , , 13, 3, 1
2024/12/29, , , 26, , 
2024/7/1, , , 30, 1, 
2024/7/2, , , 27, , 
2024/7/3, , , 29, 1, 
2024/7/4, , , 28, 1, 
2024/7/5, , , 29, 2, 1
2024/7/6, , , 27, , 
2024/7/8, , , 33, 7, 
2024/7/9, , , 36, 3, 
2024/7/10, , , 38, 3, 
2024/7/11, , , 29, 2, 1
2024/7/12, , , 37, 3, 1
2024/7/13, , , 30, , 
2024/7/14, , , 34, 2, 
2024/7/15, , , 36, 4, 1
2024/7/16, , , 35, 1, 1
2024/7/17, , , 32, 1, 
2024/7/18, , , 29, 1, 1
2024/7/19, , , 35, 7, 1
2024/7/20, , , 26, 3, 
2024/7/21, , , 34, 2, 
2024/7/22, , , 24, 2, 
2024/7/23, , , 30, , 
2024/7/24, , , 27, , 
2024/7/25, , , 31, 2, 
2024/7/26, , , 32, 1, 
2024/7/27, , , 27, , 
2024/7/28, , , 28, , 1
2024/7/29, , , 28, 4, 
2024/7/30, , , 26, 1, 
2024/7/31, , , 31, 2, 1
2024/8/1, , , 33, 3, 
2024/8/2, , , 35, 2, 1
2024/8/3, , , 37, , 1
2024/8/4, , , 30, , 
2024/8/5, , , 28, 2, 1
2024/8/6, , , 34, 2, 
2024/8/7, , , 40, 1, 1
2024/8/8, , , 31, 2, 1
2024/8/9, , , 29, , 1
2024/8/10, , , 30, , 
2024/8/11, , , 26, 1, 1
2024/8/12, , , 29, 1, 1
2024/8/13, , , 31, 1, 1
2024/8/14, , , 44, 2, 1
2024/8/15, , , 43, 1, 1
2024/8/16, , , 27, 1, 1
2024/8/17, , , 31, 2, 1
2024/8/18, , , 32, , 1
2024/8/19, , , 32, 2, 1
2024/8/20, , , 39, 1, 
2024/8/21, , , 30, 1, 1
2024/8/22, , , 29, , 1
2024/8/23, , , 33, 1, 1
2024/8/24, , , 34, , 1
2024/8/25, , , 34, , 1
2024/8/26, , , 36, 2, 1
2024/8/27, , , 39, 2, 1
2024/8/28, , , 41, 3, 2
2024/8/29, , , 54, , 2
2024/8/30, , , 33, , 1
2024/8/31, , , 29, 1, 1
2024/9/1, , , 24, 2, 1
2024/9/2, , , 31, 1, 1
2024/9/3, , , 43, 2, 1
2024/9/4, , , 49, 3, 1
2024/9/5, , , 42, 2, 1
2024/9/6, , , 41, 2, 2
2024/9/7, , , 45, 2, 1
2024/9/8, , , 48, 2, 1
2024/9/9, , , 33, 1, 1
2024/9/10, , , 28, 1, 
2024/9/11, , , 27, 1, 
2024/9/12, , , 29, 1, 1
2024/9/13, , , 30, , 1
2024/9/14, , , 31, 1, 1
2024/9/15, , , 31, 2, 1
2024/9/16, , , 27, 2, 1
2024/9/17, , , 26, 5, 1
2024/9/18, , , 24, 2, 1
2024/9/19, , , 28, 1, 1
2024/9/20, , , 28, , 
2024/9/22, , , 44, 4, 1
2024/9/23, , , 43, 5, 2
2024/9/24, , , 32, 1, 1
2024/9/25, , , 36, 2, 1
2024/9/26, , , 32, 1, 
2024/9/27, , , 28, , 
2024/9/28, , , 31, 1, 1
2024/9/29, , , 31, 2, 1
2024/9/30, , , 31, 1, 1
2024/4/1, , , 21, 2, 1
2024/4/2, , , 24, 2, 1
2024/4/3, , , 27, 3, 1
2024/4/4, , , 23, 2, 1
2024/4/5, , , 34, 2, 1
2024/4/6, , , 32, 4, 1
2024/4/7, , , 40, 3, 1
2024/4/8, , , 37, 4, 1
2024/4/9, , , 32, , 1
2024/4/10, , , 34, 2, 1
2024/4/11, , , 26, 1, 1
2024/4/12, , , 28, 1, 1
2024/4/13, , , 30, , 1
2024/4/14, , , 36, 2, 1
2024/4/15, , , 35, , 1
2024/4/16, , , 34, 1, 1
2024/4/17, , , 35, 2, 1
2024/4/18, , , 37, 1, 1
2024/4/19, , , 32, 2, 1
2024/4/20, , , 35, 1, 1
2024/4/21, , , 40, 1, 1
2024/4/22, , , 33, 2, 1
2024/4/23, , , 37, 2, 1
2024/4/24, , , 39, 2, 1
2024/4/25, , , 39, 4, 1
2024/4/26, , , 34, 3, 1
2024/4/27, , , 38, 2, 1
2024/4/28, , , 43, 3, 1
2024/4/29, , , 38, 2, 1
2024/4/30, , , 40, 1, 1
2024/5/1, , , 47, 1, 1
2024/5/2, , , 42, 1, 1
2024/5/3, , , 38, 3, 1
2024/5/4, , , 28, 5, 1
2024/5/5, , , 29, 1, 1
2024/5/6, , , 33, 1, 1
2024/5/7, , , 34, 2, 1
2024/5/8, , , 37, 1, 1
2024/5/9, , , 36, 1, 1
2024/5/10, , , 30, 2, 1
2024/5/11, , , 27, 1, 1
2024/5/12, , , 34, 2, 1
2024/5/13, , , 36, 2, 1
2024/5/14, , , 39, 2, 1
2024/5/15, , , 43, 1, 1
2024/5/16, , , 42, 1, 1
2024/5/17, , , 43, 4, 1
2024/5/18, , , 43, 2, 1
2024/5/19, , , 41, 2, 1
2024/5/20, , , 45, 3, 1
2024/5/21, , , 38, 1, 1
2024/5/22, , , 42, 5, 1
2024/5/23, , , 33, 1, 1
2024/5/24, , , 41, 4, 1
2024/5/25, , , 39, 3, 1
2024/5/26, , , 45, 4, 1
2024/5/27, , , 38, 4, 1
2024/5/28, , , 34, 2, 1
2024/5/29, , , 39, 3, 1
2024/5/30, , , 41, 2, 1
2024/5/31, , , 44, 1, 1
2024/6/1, , , 43, , 1
2024/6/2, , , 45, 1, 1
2024/6/3, , , 34, 1, 2
2024/6/4, , , 32, 1, 1
2024/6/5, , , 36, 1, 1
2024/6/6, , , 31, 1, 
2024/6/7, , , 34, 1, 
2024/6/8, , , 37, , 
2024/6/9, , , 27, 1, 
2024/6/10, , , 31, 2, 1
2024/6/11, , , 30, 1, 
2024/6/12, , , 31, 1, 1
2024/6/13, , , 30, 2, 1
2024/6/14, , , 38, 1, 1
2024/6/15, , , 33, 2, 1
2024/6/16, , , 35, 2, 1
2024/6/17, , , 33, , 1
2024/6/18, , , 35, 1, 1
2024/6/19, , , 32, 1, 
2024/6/20, , , 30, 4, 
2024/6/21, , , 34, 2, 1
2024/6/22, , , 27, 1, 1
2024/6/23, , , 33, 2, 1
2024/6/24, , , 33, 2, 1
2024/6/25, , , 35, 2, 1
2024/6/26, , , 42, 3, 1
2024/6/27, , , 50, 3, 
2024/6/28, , , 40, 1, 
2024/6/29, , , 36, 3, 1
2024/6/30, , , 31, 1, 
2024/1/1, , , 16, , 1
2024/1/2, , , 18, 1, 1
2024/1/3, , , 19, 1, 1
2024/1/4, , , 28, 3, 1
2024/1/5, , , 23, 1, 1
2024/1/6, , , 27, 1, 1
2024/1/7, , , 28, 5, 1
2024/1/8, , , 28, 4, 1
2024/1/9, , , 26, 3, 1
2024/1/10, , , 23, 5, 1
2024/1/11, , , 22, 6, 1
2024/1/12, , , 23, , 1
2024/1/13, , , 30, 1, 1
2024/1/14, , , 29, 2, 1
2024/1/15, , , 29, 5, 1
2024/1/16, , , 28, 4, 1
2024/1/17, , , 22, 6, 1
2024/1/18, , , 27, 3, 1
2024/1/19, , , 29, 2, 1
2024/1/20, , , 30, 2, 2
2024/1/21, , , 25, 1, 1
2024/1/22, , , 31, 1, 1
2024/1/23, , , 31, 1, 1
2024/1/24, , , 35, 2, 1
2024/1/25, , , 32, 2, 1
2024/1/26, , , 34, 1, 1
2024/1/27, , , 30, 3, 1
2024/1/28, , , 22, 8, 1
2024/1/29, , , 17, 8, 1
2024/1/30, , , 21, 1, 1
2024/1/31, , , 31, 1, 1
2024/2/1, , , 33, 2, 1
2024/2/2, , , 28, 1, 1
2024/2/3, , , 32, , 1
2024/2/4, , , 34, 1, 1
2024/2/5, , , 31, 2, 1
2024/2/6, , , 33, 3, 1
2024/2/7, , , 31, 4, 1
2024/2/8, , , 27, 1, 
2024/2/9, , , 30, 1, 
2024/2/10, , , 27, , 1
2024/2/11, , , 24, 5, 1
2024/2/12, , , 18, 4, 1
2024/2/13, , , 22, 5, 1
2024/2/14, , , 19, 8, 1
2024/2/15, , , 10, 4, 1
2024/2/16, , , 23, , 1
2024/2/17, , , 26, , 1
2024/2/18, , , 22, 2, 1
2024/2/19, , , 24, 2, 1
2024/2/20, , , 28, 2, 1
2024/2/21, , , 32, 5, 1
2024/2/22, , , 21, 1, 1
2024/2/23, , , 34, 5, 1
2024/2/24, , , 27, 3, 1
2024/2/25, , , 26, 6, 1
2024/2/26, , , 22, 4, 1
2024/2/27, , , 18, 3, 1
2024/2/28, , , 18, 4, 1
2024/2/29, , , 15, 6, 2
2024/3/1, , , 8, 7, 2
2024/3/2, , , 5, 3, 2
2024/3/3, , , 17, 2, 1
2024/3/4, , , 19, 1, 1
2024/3/5, , , 16, 2, 1
2024/3/6, , , 15, 3, 1
2024/3/7, , , 13, 7, 1
2024/3/8, , , 22, 1, 1
2024/3/9, , , 31, 1, 1
2024/3/10, , , 31, 2, 1
2024/3/11, , , 28, 3, 1
2024/3/12, , , 24, 7, 1
2024/3/13, , , 18, 3, 1
2024/3/14, , , 19, 4, 1
2024/3/15, , , 21, , 1
2024/3/16, , , 34, 1, 1
2024/3/17, , , 29, 2, 1
2024/3/18, , , 30, 2, 1
2024/3/19, , , 29, 5, 1
2024/3/20, , , 22, 8, 1
2024/3/21, , , 28, 3, 1
2024/3/22, , , 29, 1, 1
2024/3/23, , , 34, 1, 1
2024/3/24, , , 29, 2, 1
2024/3/25, , , 28, 3, 1
2024/3/26, , , 30, 4, 1
2024/3/27, , , 29, 3, 1
2024/3/28, , , 29, 3, 1
2024/3/29, , , 30, 3, 1
2024/3/30, , , 26, 3, 1
2024/3/31, , , 24, 3, 1
2023/10/1, , , 26, 4, 1
2023/10/2, , , 16, 3, 1
2023/10/3, , , 27, 1, 1
2023/10/4, , , 28, 2, 1
2023/10/5, , , 29, 2, 1
2023/10/6, , , 27, 1, 1
2023/10/7, , , 28, 2, 1
2023/10/8, , , 26, 4, 1
2023/10/9, , , 30, 4, 1
2023/10/10, , , 21, 2, 1
2023/10/11, , , 30, 2, 1
2023/10/12, , , 30, 3, 1
2023/10/13, , , 26, , 1
2023/10/14, , , 27, , 1
2023/10/15, , , 28, 2, 1
2023/10/16, , , 26, 4, 1
2023/10/17, , , 26, 4, 1
2023/10/18, , , 26, , 1
2023/10/19, , , 27, 1, 1
2023/10/20, , , 25, 3, 1
2023/10/21, , , 13, 3, 1
2023/10/22, , , 19, 4, 1
2023/10/23, , , 18, 3, 1
2023/10/24, , , 24, 1, 1
2023/10/25, , , 20, 2, 1
2023/10/26, , , 14, 1, 1
2023/10/27, , , 14, 2, 1
2023/10/28, , , 16, 4, 1
2023/10/29, , , 24, 2, 1
2023/10/30, , , 24, 4, 1
2023/10/31, , , 20, 3, 1
2023/11/1, , , 20, 4, 1
2023/11/2, , , 17, 4, 1
2023/11/3, , , 22, 2, 1
2023/11/4, , , 22, 3, 1
2023/11/5, , , 21, 3, 1
2023/11/6, , , 22, 2, 1
2023/11/7, , , 23, 2, 1
2023/11/8, , , 20, 2, 1
2023/11/9, , , 25, 2, 1
2023/11/10, , , 25, 4, 1
2023/11/11, , , 18, 4, 1
2023/11/12, , , 22, 5, 1
2023/11/13, , , 26, 1, 1
2023/11/14, , , 26, 3, 1
2023/11/15, , , 21, 1, 2
2023/11/16, , , 26, 2, 1
2023/11/17, , , 24, 2, 1
2023/11/18, , , 23, 2, 1
2023/11/19, , , 21, 2, 1
2023/11/20, , , 17, 1, 1
2023/11/21, , , 21, 5, 1
2023/11/22, , , 24, 1, 
2023/11/23, , , 31, 2, 1
2023/11/24, , , 30, 1, 1
2023/11/25, , , 28, 6, 2
2023/11/26, , , 21, 2, 1
2023/11/27, , , 22, 3, 1
2023/11/28, , , 21, 4, 1
2023/11/29, , , 18, 1, 1
2023/11/30, , , 22, 3, 1
2023/12/1, , , 15, 2, 1
2023/12/2, , , 19, 4, 1
2023/12/3, , , 16, 6, 1
2023/12/4, , , 12, 4, 1
2023/12/5, , , 21, 2, 
2023/12/6, , , 21, 6, 2
2023/12/7, , , 14, 5, 2
2023/12/8, , , 13, 5, 2
2023/12/9, , , 9, 3, 2
2023/12/10, , , 13, 4, 2
2023/12/11, , , 10, 2, 2
2023/12/12, , , 14, 2, 1
2023/12/13, , , 17, 6, 2
2023/12/14, , , 12, 4, 1
2023/12/15, , , 24, 1, 1
2023/12/16, , , 24, 1, 1
2023/12/17, , , 25, 2, 1
2023/12/18, , , 24, 3, 1
2023/12/19, , , 25, 2, 1
2023/12/20, , , 29, 1, 1
2023/12/21, , , 31, , 1
2023/12/22, , , 32, 1, 1
2023/12/23, , , 30, 1, 1
2023/12/24, , , 32, , 1
2023/12/25, , , 30, 1, 1
2023/12/26, , , 29, 3, 1
2023/12/27, , , 27, 1, 1
2023/12/28, , , 27, 1, 1
2023/12/29, , , 29, 1, 1
2023/12/30, , , 26, 3, 1
2023/12/31, , , 19, 4, 1
2023/7/1, , , 33, , 1
2023/7/2, , , 32, 1, 1
2023/7/3, , , 28, 1, 1
2023/7/4, , , 29, 2, 1
2023/7/5, , , 33, 1, 1
2023/7/6, , , 31, 2, 1
2023/7/7, , , 37, 5, 1
2023/7/8, , , 40, 4, 1
2023/7/9, , , 38, 6, 1
2023/7/10, , , 34, 2, 1
2023/7/11, , , 39, 2, 1
2023/7/12, , , 32, 1, 1
2023/7/13, , , 32, 2, 1
2023/7/14, , , 33, 3, 1
2023/7/15, , , 53, , 1
2023/7/16, , , 32, 1, 1
2023/7/17, , , 30, 1, 1
2023/7/18, , , 29, , 1
2023/7/19, , , 28, 1, 1
2023/7/20, , , 26, 1, 1
2023/7/21, , , 29, , 1
2023/7/22, , , 28, 1, 1
2023/7/23, , , 27, 1, 1
2023/7/24, , , 28, 1, 1
2023/7/25, , , 28, 1, 1
2023/7/26, , , 31, 1, 1
2023/7/27, , , 33, 5, 1
2023/7/28, , , 33, 2, 1
2023/7/29, , , 29, 1, 1
2023/7/30, , , 31, 1, 1
2023/7/31, , , 30, 2, 1
2023/8/1, , , 34, 1, 1
2023/8/2, , , 34, 2, 1
2023/8/3, , , 27, 1, 1
2023/8/4, , , 31, 1, 1
2023/8/5, , , 31, 2, 1
2023/8/6, , , 37, , 1
2023/8/7, , , 36, , 1
2023/8/8, , , 31, 1, 1
2023/8/9, , , 27, 1, 1
2023/8/10, , , 30, 3, 1
2023/8/11, , , 29, 5, 1
2023/8/12, , , 32, 1, 1
2023/8/13, , , 33, 5, 1
2023/8/14, , , 37, 2, 1
2023/8/15, , , 37, , 1
2023/8/16, , , 32, 3, 1
2023/8/17, , , 29, 1, 1
2023/8/18, , , 27, 1, 1
2023/8/19, , , 31, 2, 1
2023/8/20, , , 30, 2, 1
2023/8/21, , , 28, 2, 1
2023/8/22, , , 30, 1, 1
2023/8/23, , , 29, 3, 1
2023/8/24, , , 28, 3, 1
2023/8/25, , , 35, 2, 1
2023/8/26, , , 37, 3, 1
2023/8/27, , , 33, 2, 1
2023/8/28, , , 35, 4, 1
2023/8/29, , , 29, 5, 1
2023/8/30, , , 30, 5, 1
2023/8/31, , , 25, 2, 1
2023/9/1, , , 32, 1, 1
2023/9/2, , , 33, 1, 1
2023/9/3, , , 32, 2, 1
2023/9/4, , , 37, 5, 1
2023/9/5, , , 40, 6, 1
2023/9/6, , , 40, 2, 1
2023/9/7, , , 33, 4, 1
2023/9/8, , , 47, 5, 1
2023/9/9, , , 52, 3, 1
2023/9/10, , , 49, 2, 1
2023/9/11, , , 47, 3, 1
2023/9/12, , , 37, 2, 1
2023/9/13, , , 25, 2, 1
2023/9/14, , , 29, 3, 1
2023/9/15, , , 35, 3, 1
2023/9/16, , , 38, 3, 1
2023/9/17, , , 39, 3, 1
2023/9/18, , , 36, 1, 1
2023/9/19, , , 29, 2, 1
2023/9/20, , , 26, 4, 1
2023/9/21, , , 40, 3, 1
2023/9/22, , , 31, 2, 1
2023/9/23, , , 30, 1, 1
2023/9/24, , , 32, 3, 1
2023/9/25, , , 29, 6, 1
2023/9/26, , , 31, 8, 1
2023/9/27, , , 32, 3, 1
2023/9/28, , , 30, 4, 1
2023/9/29, , , 26, 1, 1
2023/9/30, , , 27, 1, 1
2023/4/1, , , 35, 1, 
2023/4/2, , , 36, 2, 1
2023/4/3, , , 35, 3, 1
2023/4/4, , , 34, 3, 
2023/4/5, , , 36, 2, 1
2023/4/6, , , 37, 2, 1
2023/4/7, , , 32, 2, 1
2023/4/8, , , 31, 4, 1
2023/4/9, , , 33, 2, 1
2023/4/10, , , 38, 4, 1
2023/4/11, , , 32, 5, 1
2023/4/12, , , 34, 4, 1
2023/4/13, , , 37, 5, 1
2023/4/14, , , 25, 2, 
2023/4/15, , , 32, 2, 
2023/4/16, , , 34, 4, 1
2023/4/17, , , 39, 3, 1
2023/4/18, , , 41, 1, 
2023/4/19, , , 41, 1, 1
2023/4/20, , , 47, 5, 
2023/4/21, , , 41, 3, 1
2023/4/22, , , 43, 4, 
2023/4/23, , , 41, 5, 
2023/4/24, , , 38, 1, 1
2023/4/25, , , 34, 1, 
2023/4/26, , , 33, 1, 
2023/4/27, , , 31, 2, 1
2023/4/28, , , 35, 1, 1
2023/4/29, , , 40, 1, 
2023/4/30, , , 39, 3, 
2023/5/1, , , 40, 1, 1
2023/5/2, , , 39, 1, 1
2023/5/3, , , 35, 4, 
2023/5/4, , , 32, , 1
2023/5/5, , , 36, , 
2023/5/6, , , 36, 2, 1
2023/5/7, , , 40, 3, 
2023/5/8, , , 40, 3, 1
2023/5/9, , , 41, 3, 1
2023/5/10, , , 42, 3, 1
2023/5/11, , , 45, 4, 
2023/5/12, , , 49, 2, 
2023/5/13, , , 48, 4, 
2023/5/14, , , 47, 4, 
2023/5/15, , , 45, 1, 
2023/5/16, , , 33, , 
2023/5/17, , , 29, 1, 
2023/5/18, , , 36, 5, 1
2023/5/19, , , 34, 3, 1
2023/5/20, , , 33, 3, 1
2023/5/21, , , 40, 3, 1
2023/5/22, , , 40, 6, 1
2023/5/23, , , 27, 4, 1
2023/5/24, , , 37, 1, 1
2023/5/25, , , 37, 1, 1
2023/5/26, , , 33, 1, 1
2023/5/27, , , 33, , 1
2023/5/28, , , 36, , 1
2023/5/29, , , 35, 2, 1
2023/5/30, , , 34, 2, 1
2023/5/31, , , 34, 1, 1
2023/6/1, , , 34, 1, 1
2023/6/2, , , 30, 2, 1
2023/6/3, , , 35, 2, 1
2023/6/4, , , 35, 6, 1
2023/6/5, , , 38, 7, 1
2023/6/6, , , 41, 4, 1
2023/6/7, , , 41, 5, 1
2023/6/8, , , 39, 1, 1
2023/6/9, , , 34, 1, 1
2023/6/10, , , 30, , 1
2023/6/11, , , 33, 1, 1
2023/6/12, , , 33, 4, 1
2023/6/13, , , 34, 3, 1
2023/6/14, , , 40, 3, 1
2023/6/15, , , 39, 4, 1
2023/6/16, , , 41, 3, 1
2023/6/17, , , 41, 1, 1
2023/6/18, , , 37, 4, 1
2023/6/19, , , 40, 4, 1
2023/6/20, , , 47, 3, 1
2023/6/21, , , 46, 3, 1
2023/6/22, , , 37, 2, 1
2023/6/23, , , 37, 1, 1
2023/6/24, , , 38, 3, 1
2023/6/25, , , 39, 4, 1
2023/6/26, , , 42, , 1
2023/6/27, , , 32, 1, 1
2023/6/28, , , 38, 3, 1
2023/6/29, , , 30, 1, 1
2023/6/30, , , 32, 2, 1
2023/1/2, , , 30, 4, 1
2023/1/3, , , 28, 3, 1
2023/1/4, , , 26, 2, 1
2023/1/5, , , 25, 3, 1
2023/1/6, , , 26, 4, 1
2023/1/7, , , 23, 4, 1
2023/1/8, , , 17, 6, 1
2023/1/9, , , 25, 4, 1
2023/1/10, , , 21, 3, 1
2023/1/11, , , 25, 3, 1
2023/1/12, , , 27, 2, 1
2023/1/13, , , 30, 1, 1
2023/1/14, , , 30, , 1
2023/1/15, , , 31, 3, 1
2023/1/16, , , 28, 3, 1
2023/1/17, , , 26, 5, 1
2023/1/18, , , 20, 6, 1
2023/1/19, , , 17, 6, 1
2023/1/20, , , 23, 2, 1
2023/1/21, , , 19, , 1
2023/1/22, , , 25, 3, 1
2023/1/23, , , 23, 4, 
2023/1/24, , , 19, 3, 1
2023/1/25, , , 18, 5, 1
2023/1/26, , , 27, 7, 1
2023/1/27, , , 24, 6, 1
2023/1/28, , , 25, 1, 1
2023/1/29, , , 26, 1, 1
2023/1/30, , , 30, 2, 1
2023/1/31, , , 32, 2, 1
2023/2/1, , , 29, 3, 1
2023/2/2, , , 27, 2, 1
2023/2/3, , , 28, 3, 1
2023/2/4, , , 24, 2, 1
2023/2/5, , , 23, 6, 1
2023/2/6, , , 19, 6, 1
2023/2/7, , , 20, 7, 1
2023/2/8, , , 21, 7, 1
2023/2/9, , , 28, 2, 1
2023/2/10, , , 27, 1, 1
2023/2/11, , , 33, 1, 1
2023/2/12, , , 30, 2, 1
2023/2/13, , , 31, 2, 1
2023/2/14, , , 28, 5, 1
2023/2/15, , , 18, 9, 1
2023/2/16, , , 19, 3, 
2023/2/17, , , 35, 1, 
2023/2/18, , , 33, 1, 
2023/2/19, , , 31, 1, 
2023/2/20, , , 31, 2, 
2023/2/21, , , 31, 3, 
2023/2/22, , , 28, 6, 
2023/2/23, , , 27, 2, 1
2023/2/24, , , 29, , 1
2023/2/25, , , 31, 1, 1
2023/2/26, , , 29, 9, 1
2023/2/27, , , 21, 9, 3
2023/2/28, , , 25, 10, 1
2023/3/1, , , 18, 10, 1
2023/3/2, , , 20, 5, 1
2023/3/3, , , 28, 1, 
2023/3/4, , , 33, 2, 
2023/3/5, , , 32, 5, 1
2023/3/6, , , 29, 2, 
2023/3/7, , , 32, 4, 
2023/3/8, , , 32, 6, 1
2023/3/9, , , 31, 2, 
2023/3/10, , , 33, 1, 
2023/3/11, , , 33, 1, 1
2023/3/12, , , 33, 2, 
2023/3/13, , , 35, 2, 
2023/3/14, , , 33, 2, 1
2023/3/15, , , 33, 5, 
2023/3/16, , , 31, 6, 1
2023/3/17, , , 28, 10, 1
2023/3/18, , , 20, 8, 2
2023/3/19, , , 17, 4, 1
2023/3/20, , , 25, 7, 1
2023/3/21, , , 21, 4, 1
2023/3/22, , , 25, 2, 
2023/3/23, , , 36, 2, 1
2023/3/24, , , 36, 2, 1
2023/3/25, , , 32, , 
2023/3/26, , , 33, 2, 1
2023/3/27, , , 31, 2, 1
2023/3/28, , , 34, 4, 
2023/3/29, , , 30, 7, 2
2023/3/30, , , 31, 2, 1
2023/3/31, , , 29, , 
2022/10/1, , , 22, 1, 1
2022/10/2, , , 24, 1, 1
2022/10/3, , , 22, 3, 1
2022/10/4, , , 23, 3, 1
2022/10/5, , , 23, 1, 
2022/10/6, , , 26, 2, 1
2022/10/7, , , 26, 2, 
2022/10/8, , , 25, 2, 
2022/10/9, , , 24, 3, 
2022/10/10, , , 26, 3, 
2022/10/11, , , 25, 5, 1
2022/10/12, , , 23, 5, 1
2022/10/13, , , 18, 5, 1
2022/10/14, , , 23, 4, 1
2022/10/15, , , 23, 2, 
2022/10/16, , , 27, 6, 
2022/10/17, , , 18, 3, 1
2022/10/18, , , 26, 4, 
2022/10/19, , , 24, 5, 
2022/10/20, , , 26, 6, 1
2022/10/21, , , 15, 6, 1
2022/10/22, , , 10, 3, 1
2022/10/23, , , 23, 4, 1
2022/10/24, , , 28, 3, 1
2022/10/25, , , 25, 5, 1
2022/10/26, , , 19, 6, 1
2022/10/27, , , 18, 8, 1
2022/10/28, , , 11, 3, 
2022/10/29, , , 26, 7, 1
2022/10/30, , , 21, 8, 1
2022/10/31, , , 19, 4, 1
2022/11/1, , , 23, 3, 1
2022/11/2, , , 23, 4, 1
2022/11/3, , , 20, 4, 1
2022/11/4, , , 26, 2, 1
2022/11/5, , , 24, 2, 1
2022/11/6, , , 20, 3, 1
2022/11/7, , , 21, 3, 1
2022/11/8, , , 19, 3, 1
2022/11/9, , , 24, 3, 1
2022/11/10, , , 22, 3, 1
2022/11/11, , , 22, 3, 1
2022/11/12, , , 20, 2, 1
2022/11/13, , , 20, 2, 1
2022/11/14, , , 20, 4, 1
2022/11/15, , , 24, 1, 
2022/11/16, , , 22, 3, 1
2022/11/17, , , 24, 1, 1
2022/11/18, , , 23, 1, 1
2022/11/19, , , 22, 3, 1
2022/11/20, , , 21, 6, 1
2022/11/21, , , 16, 4, 1
2022/11/22, , , 18, 5, 2
2022/11/23, , , 12, 7, 2
2022/11/24, , , 9, 5, 1
2022/11/25, , , 17, 4, 1
2022/11/26, , , 14, 3, 1
2022/11/27, , , 16, 3, 1
2022/11/28, , , 20, 3, 1
2022/11/29, , , 19, 2, 1
2022/11/30, , , 18, 3, 1
2022/12/1, , , 15, 2, 1
2022/12/2, , , 24, , 1
2022/12/3, , , 21, 1, 1
2022/12/4, , , 17, 2, 1
2022/12/5, , , 12, 4, 1
2022/12/6, , , 17, 8, 1
2022/12/7, , , 18, 15, 1
2022/12/8, , , 26, 4, 1
2022/12/9, , , 24, 5, 1
2022/12/10, , , 19, 2, 1
2022/12/11, , , 14, 6, 1
2022/12/12, , , 14, 6, 1
2022/12/13, , , 18, 7, 1
2022/12/14, , , 14, 9, 1
2022/12/15, , , 18, 11, 2
2022/12/16, , , 19, 13, 2
2022/12/17, , , 15, 5, 1
2022/12/18, , , 20, 6, 1
2022/12/19, , , 18, 6, 1
2022/12/20, , , 10, 4, 1
2022/12/21, , , 20, 5, 
2022/12/22, , , 22, 3, 1
2022/12/23, , , 25, 3, 
2022/12/24, , , 19, 3, 
2022/12/25, , , 19, 3, 1
2022/12/26, , , 29, 2, 1
2022/12/27, , , 28, 2, 1
2022/12/28, , , 25, 1, 1
2022/12/29, , , 26, 2, 1
2022/12/30, , , 26, 2, 1
2022/12/31, , , 23, 1, 1
2023/1/1, , , 29, 4, 1
2022/7/1, , , 37, 1, 
2022/7/2, , , 37, 2, 
2022/7/3, , , 46, 1, 
2022/7/4, , , 27, 1, 
2022/7/5, , , 26, 1, 
2022/7/6, , , 30, 1, 
2022/7/7, , , 23, , 
2022/7/8, , , 29, , 
2022/7/9, , , 23, , 
2022/7/10, , , 24, 1, 
2022/7/11, , , 24, 1, 
2022/7/12, , , 26, 1, 
2022/7/13, , , 41, , 
2022/7/14, , , 23, 1, 
2022/7/15, , , 26, , 
2022/7/16, , , 28, , 
2022/7/17, , , 28, 2, 1
2022/7/18, , , 43, 6, 1
2022/7/19, , , 49, 8, 1
2022/7/20, , , 54, 4, 1
2022/7/21, , , 57, 1, 1
2022/7/22, , , 29, 1, 
2022/7/23, , , 18, 2, 
2022/7/24, , , 32, 4, 1
2022/7/25, , , 51, 1, 
2022/7/26, , , 26, 1, 
2022/7/27, , , 26, 2, 1
2022/7/28, , , 31, 3, 
2022/7/29, , , 33, 4, 
2022/7/30, , , 32, 2, 
2022/7/31, , , 33, 2, 
2022/8/1, , , 31, 2, 
2022/8/2, , , 30, 4, 1
2022/8/3, , , 46, 6, 
2022/8/4, , , 52, 2, 
2022/8/5, , , 25, 1, 
2022/8/6, , , 26, 1, 
2022/8/7, , , 24, 5, 
2022/8/8, , , 23, 4, 
2022/8/9, , , 25, 4, 1
2022/8/10, , , 33, 4, 
2022/8/11, , , 38, 7, 1
2022/8/12, , , 39, 9, 
2022/8/13, , , 43, 4, 1
2022/8/14, , , 40, 7, 1
2022/8/15, , , 39, 4, 
2022/8/16, , , 53, 10, 1
2022/8/17, , , 49, 7, 1
2022/8/18, , , 47, 6, 1
2022/8/19, , , 30, 2, 
2022/8/20, , , 28, 2, 
2022/8/21, , , 35, 6, 
2022/8/22, , , 26, 4, 
2022/8/23, , , 30, 5, 
2022/8/24, , , 33, 5, 
2022/8/25, , , 28, 4, 1
2022/8/26, , , 36, 2, 1
2022/8/27, , , 30, 1, 
2022/8/28, , , 32, 2, 
2022/8/29, , , 19, 1, 
2022/8/30, , , 23, 3, 
2022/8/31, , , 24, 3, 1
2022/9/1, , , 25, 4, 1
2022/9/2, , , 26, 2, 
2022/9/3, , , 27, 1, 
2022/9/4, , , 30, 2, 
2022/9/5, , , 28, 2, 
2022/9/6, , , 27, 2, 
2022/9/7, , , 33, 1, 
2022/9/8, , , 32, 3, 1
2022/9/9, , , 31, 2, 1
2022/9/10, , , 28, 1, 1
2022/9/11, , , 19, 3, 1
2022/9/12, , , 30, 1, 1
2022/9/13, , , 29, 1, 
2022/9/14, , , 31, 2, 
2022/9/15, , , 29, 2, 1
2022/9/16, , , 23, 1, 1
2022/9/17, , , 25, 1, 
2022/9/18, , , 25, 2, 
2022/9/19, , , 22, 3, 
2022/9/20, , , 20, 7, 1
2022/9/21, , , 20, 6, 1
2022/9/22, , , 28, 4, 1
2022/9/23, , , 28, 5, 1
2022/9/24, , , 30, 4, 1
2022/9/25, , , 32, 1, 1
2022/9/26, , , 27, 4, 1
2022/9/27, , , 22, 4, 1
2022/9/28, , , 20, 3, 1
2022/9/29, , , 22, 4, 1
2022/9/30, , , 24, 3, 1
2022/4/1, , , 34, 1, 1
2022/4/2, , , 34, 2, 1
2022/4/3, , , 34, 2, 2
2022/4/4, , , 33, 2, 1
2022/4/5, , , 32, 4, 1
2022/4/6, , , 29, 3, 1
2022/4/7, , , 32, 1, 1
2022/4/8, , , 35, 1, 1
2022/4/9, , , 37, 1, 1
2022/4/10, , , 35, 2, 1
2022/4/11, , , 35, 5, 1
2022/4/12, , , 35, 7, 1
2022/4/13, , , 35, 4, 1
2022/4/14, , , 29, 2, 1
2022/4/15, , , 31, 3, 1
2022/4/16, , , 34, 3, 1
2022/4/17, , , 39, 5, 1
2022/4/18, , , 35, 7, 1
2022/4/19, , , 36, 5, 1
2022/4/20, , , 37, 3, 1
2022/4/21, , , 33, 2, 1
2022/4/22, , , 34, 4, 1
2022/4/23, , , 36, 3, 1
2022/4/24, , , 31, 2, 1
2022/4/25, , , 36, 3, 1
2022/4/26, , , 37, 4, 1
2022/4/27, , , 32, 3, 1
2022/4/28, , , 36, 3, 1
2022/4/29, , , 35, 3, 1
2022/4/30, , , 35, 7, 1
2022/5/1, , , 32, 4, 1
2022/5/2, , , 38, 2, 1
2022/5/3, , , 34, 6, 1
2022/5/4, , , 36, 2, 1
2022/5/5, , , 35, 2, 1
2022/5/6, , , 31, 1, 1
2022/5/7, , , 37, 2, 1
2022/5/8, , , 36, 3, 1
2022/5/9, , , 34, 4, 1
2022/5/10, , , 39, 4, 1
2022/5/11, , , 27, 1, 1
2022/5/12, , , 31, 1, 1
2022/5/13, , , 33, , 1
2022/5/14, , , 35, 1, 1
2022/5/15, , , 38, 6, 1
2022/5/16, , , 29, 5, 
2022/5/17, , , 32, 3, 
2022/5/18, , , 34, 7, 1
2022/5/19, , , 40, 3, 1
2022/5/20, , , 35, 1, 1
2022/5/21, , , 39, 2, 1
2022/5/22, , , 31, 5, 1
2022/5/23, , , 34, 3, 1
2022/5/24, , , 34, 1, 
2022/5/25, , , 33, 1, 1
2022/5/26, , , 31, 1, 
2022/5/27, , , 32, , 
2022/5/28, , , 32, 1, 1
2022/5/29, , , 30, 4, 1
2022/5/30, , , 28, 4, 1
2022/5/31, , , 30, 3, 1
2022/6/1, , , 33, 2, 1
2022/6/2, , , 27, 5, 1
2022/6/3, , , 29, 9, 1
2022/6/4, , , 27, 6, 1
2022/6/5, , , 36, 5, 1
2022/6/6, , , 29, 3, 1
2022/6/7, , , 34, 2, 
2022/6/8, , , 37, 4, 1
2022/6/9, , , 38, 2, 
2022/6/10, , , 34, 1, 1
2022/6/11, , , 35, 1, 1
2022/6/12, , , 32, 1, 
2022/6/13, , , 33, 1, 
2022/6/14, , , 30, 2, 
2022/6/15, , , 29, 1, 
2022/6/16, , , 32, 1, 
2022/6/17, , , 42, 1, 
2022/6/18, , , 36, 2, 
2022/6/19, , , 30, 4, 
2022/6/20, , , 28, 1, 
2022/6/21, , , 29, 1, 
2022/6/22, , , 25, 5, 1
2022/6/23, , , 28, 3, 
2022/6/24, , , 48, 5, 
2022/6/25, , , 48, 4, 1
2022/6/26, , , 57, 4, 1
2022/6/27, , , 51, 1, 
2022/6/28, , , 35, 8, 
2022/6/29, , , 37, 4, 
2022/6/30, , , 36, 2, 
2022/1/3, , , 28, 5, 1
2022/1/4, , , 26, 3, 1
2022/1/5, , , 23, 7, 1
2022/1/6, , , 22, 5, 1
2022/1/7, , , 19, 3, 1
2022/1/8, , , 24, 3, 1
2022/1/9, , , 22, 6, 2
2022/1/10, , , 22, 6, 2
2022/1/11, , , 20, 5, 1
2022/1/12, , , 25, 2, 1
2022/1/13, , , 27, 2, 1
2022/1/14, , , 28, 6, 1
2022/1/15, , , 19, 3, 1
2022/1/16, , , 32, 1, 1
2022/1/17, , , 30, 6, 1
2022/1/18, , , 20, 4, 
2022/1/19, , , 33, 1, 
2022/1/20, , , 30, 3, 1
2022/1/21, , , 24, 5, 1
2022/1/22, , , 20, 2, 1
2022/1/23, , , 23, 3, 1
2022/1/24, , , 22, 4, 1
2022/1/25, , , 25, 3, 1
2022/1/26, , , 24, 1, 1
2022/1/27, , , 28, 3, 1
2022/1/28, , , 27, 2, 1
2022/1/29, , , 30, , 
2022/1/30, , , 28, 9, 1
2022/1/31, , , 17, 5, 1
2022/2/1, , , 27, 4, 1
2022/2/2, , , 23, 6, 1
2022/2/3, , , 17, 3, 1
2022/2/4, , , 31, 1, 1
2022/2/5, , , 30, 2, 1
2022/2/6, , , 30, 1, 1
2022/2/7, , , 30, 3, 1
2022/2/8, , , 29, 3, 1
2022/2/9, , , 26, 4, 1
2022/2/10, , , 26, 4, 1
2022/2/11, , , 30, 3, 1
2022/2/12, , , 29, 4, 1
2022/2/13, , , 24, 4, 1
2022/2/14, , , 24, 2, 1
2022/2/15, , , 30, 3, 1
2022/2/16, , , 28, 1, 1
2022/2/17, , , 31, 3, 1
2022/2/18, , , 33, 1, 1
2022/2/19, , , 30, 2, 1
2022/2/20, , , 29, 1, 1
2022/2/21, , , 34, 3, 1
2022/2/22, , , 28, 2, 1
2022/2/23, , , 32, 4, 1
2022/2/24, , , 30, 3, 1
2022/2/25, , , 31, 6, 1
2022/2/26, , , 23, 5, 1
2022/2/27, , , 29, 6, 1
2022/2/28, , , 26, 5, 1
2022/3/1, , , 24, 7, 1
2022/3/2, , , 25, 4, 1
2022/3/3, , , 26, 5, 1
2022/3/4, , , 27, 3, 1
2022/3/5, , , 29, 4, 1
2022/3/6, , , 28, 6, 1
2022/3/7, , , 30, 7, 1
2022/3/8, , , 27, 9, 1
2022/3/9, , , 24, 3, 1
2022/3/10, , , 28, 3, 1
2022/3/11, , , 33, 3, 1
2022/3/12, , , 32, 4, 2
2022/3/13, , , 34, 6, 2
2022/3/14, , , 35, 7, 2
2022/3/15, , , 25, 4, 1
2022/3/16, , , 26, 4, 2
2022/3/17, , , 27, 3, 1
2022/3/18, , , 31, 3, 1
2022/3/19, , , 27, 4, 1
2022/3/20, , , 38, 5, 2
2022/3/21, , , 40, 14, 2
2022/3/22, , , 30, 12, 2
2022/3/23, , , 38, 9, 2
2022/3/24, , , 41, 3, 1
2022/3/25, , , 40, 1, 1
2022/3/26, , , 35, 3, 1
2022/3/27, , , 32, 1, 1
2022/3/28, , , 39, 3, 1
2022/3/29, , , 33, 3, 1
2022/3/30, , , 30, 2, 1
2022/3/31, , , 32, 2, 1
2021/10/1, , , 26, 5, 1
2021/10/2, , , 24, 3, 1
2021/10/3, , , 26, 4, 1
2021/10/4, , , 26, 5, 1
2021/10/5, , , 26, 4, 1
2021/10/6, , , 25, 8, 1
2021/10/7, , , 24, 6, 1
2021/10/8, , , 25, 4, 1
2021/10/9, , , 31, 3, 1
2021/10/10, , , 32, 3, 1
2021/10/11, , , 29, 3, 1
2021/10/12, , , 28, 5, 1
2021/10/13, , , 27, 3, 1
2021/10/14, , , 26, 2, 1
2021/10/15, , , 28, 1, 1
2021/10/16, , , 28, 2, 1
2021/10/17, , , 27, 5, 1
2021/10/18, , , 25, 6, 2
2021/10/19, , , 15, 2, 1
2021/10/20, , , 28, 3, 
2021/10/21, , , 29, 1, 1
2021/10/22, , , 31, 2, 1
2021/10/23, , , 27, 2, 1
2021/10/24, , , 29, 6, 1
2021/10/25, , , 17, 5, 1
2021/10/26, , , 24, 3, 1
2021/10/27, , , 24, 5, 1
2021/10/28, , , 24, 7, 1
2021/10/29, , , 14, 6, 2
2021/10/30, , , 24, 4, 1
2021/10/31, , , 23, 5, 1
2021/11/1, , , 25, 11, 1
2021/11/2, , , 12, 9, 1
2021/11/3, , , 18, 3, 1
2021/11/4, , , 24, 2, 1
2021/11/5, , , 26, 2, 1
2021/11/6, , , 26, 2, 1
2021/11/7, , , 26, 3, 1
2021/11/8, , , 19, 4, 1
2021/11/9, , , 21, 7, 1
2021/11/10, , , 15, 5, 1
2021/11/11, , , 22, 7, 1
2021/11/12, , , 21, 4, 1
2021/11/13, , , 19, 2, 1
2021/11/14, , , 21, 5, 1
2021/11/15, , , 22, 5, 1
2021/11/16, , , 20, 5, 1
2021/11/17, , , 23, 4, 1
2021/11/18, , , 28, 1, 1
2021/11/19, , , 28, 1, 1
2021/11/20, , , 31, 1, 1
2021/11/21, , , 29, 8, 1
2021/11/22, , , 24, 4, 1
2021/11/23, , , 31, 3, 
2021/11/24, , , 29, 4, 
2021/11/25, , , 27, 6, 
2021/11/26, , , 21, 2, 
2021/11/27, , , 20, 1, 
2021/11/28, , , 23, 6, 29
2021/11/29, , , 20, 4, 
2021/11/30, , , 22, 5, 1
2021/12/1, , , 22, 4, 1
2021/12/2, , , 23, 7, 1
2021/12/3, , , 20, 3, 1
2021/12/4, , , 25, 1, 1
2021/12/5, , , 23, 4, 1
2021/12/6, , , 24, 4, 1
2021/12/7, , , 26, 3, 1
2021/12/8, , , 20, 6, 2
2021/12/9, , , 15, 8, 3
2021/12/10, , , 10, 9, 3
2021/12/11, , , 6, 6, 2
2021/12/12, , , 16, 8, 2
2021/12/13, , , 14, 7, 1
2021/12/14, , , 23, 3, 1
2021/12/15, , , 25, 3, 1
2021/12/16, , , 25, 3, 1
2021/12/17, , , 20, 2, 1
2021/12/18, , , 28, 1, 1
2021/12/19, , , 29, 8, 2
2021/12/20, , , 23, 7, 1
2021/12/21, , , 18, 10, 1
2021/12/22, , , 16, 8, 2
2021/12/23, , , 15, 3, 1
2021/12/24, , , 28, 5, 1
2021/12/25, , , 24, 5, 1
2021/12/26, , , 22, 4, 1
2021/12/27, , , 23, 5, 3
2021/12/28, , , 17, 8, 3
2021/12/29, , , 10, 5, 1
2021/12/30, , , 15, 2, 1
2021/12/31, , , 22, 4, 1
2022/1/1, , , 24, 3, 1
2022/1/2, , , 25, 2, 1
2021/7/1, , , 20, 3, 1
2021/7/2, , , 24, 2, 1
2021/7/3, , , 32, 3, 1
2021/7/4, , , 34, 4, 1
2021/7/5, , , 37, 4, 1
2021/7/6, , , 35, 3, 
2021/7/7, , , 33, 4, 1
2021/7/8, , , 24, 2, 8
2021/7/9, , , 30, 1, 
2021/7/10, , , 26, 1, 
2021/7/11, , , 32, 2, 1
2021/7/12, , , 39, 3, 1
2021/7/13, , , 45, 5, 1
2021/7/14, , , 46, 3, 1
2021/7/15, , , 50, 2, 
2021/7/16, , , 40, , 
2021/7/17, , , 29, , 
2021/7/18, , , 26, 1, 
2021/7/19, , , 26, 1, 
2021/7/20, , , 25, 1, 
2021/7/21, , , 26, 3, 
2021/7/22, , , 31, 2, 
2021/7/23, , , 33, 2, 1
2021/7/24, , , 43, 1, 1
2021/7/25, , , 34, 3, 1
2021/7/26, , , 49, 3, 1
2021/7/27, , , 45, 2, 
2021/7/28, , , 41, 1, 
2021/7/29, , , 29, 1, 1
2021/7/30, , , 35, 2, 1
2021/7/31, , , 29, 1, 
2021/8/1, , , 29, 1, 1
2021/8/2, , , 27, 2, 1
2021/8/3, , , 31, 2, 
2021/8/4, , , 33, 3, 1
2021/8/5, , , 38, 4, 1
2021/8/6, , , 34, 2, 1
2021/8/7, , , 34, 1, 1
2021/8/8, , , 30, 2, 1
2021/8/9, , , 29, 4, 1
2021/8/10, , , 25, 2, 1
2021/8/11, , , 31, 4, 1
2021/8/12, , , 40, 4, 1
2021/8/13, , , 42, 1, 1
2021/8/14, , , 25, 1, 1
2021/8/15, , , 29, 2, 1
2021/8/16, , , 30, 2, 1
2021/8/17, , , 29, 1, 1
2021/8/18, , , 30, 1, 1
2021/8/19, , , 31, 2, 1
2021/8/20, , , 30, 3, 1
2021/8/21, , , 34, 6, 1
2021/8/22, , , 33, 6, 1
2021/8/23, , , 29, 5, 1
2021/8/24, , , 31, 2, 1
2021/8/25, , , 25, 1, 1
2021/8/26, , , 20, 1, 1
2021/8/27, , , 24, 1, 1
2021/8/28, , , 13, 1, 1
2021/8/29, , , 24, 1, 1
2021/8/30, , , 28, 3, 1
2021/8/31, , , 26, 4, 1
2021/9/1, , , 30, 5, 1
2021/9/2, , , 33, 2, 1
2021/9/3, , , 33, 2, 1
2021/9/4, , , 32, 2, 1
2021/9/5, , , 30, 6, 1
2021/9/6, , , 33, 5, 1
2021/9/7, , , 35, 5, 1
2021/9/8, , , 40, 8, 1
2021/9/9, , , 49, 7, 2
2021/9/10, , , 40, 2, 1
2021/9/11, , , 33, 1, 1
2021/9/12, , , 32, 3, 1
2021/9/13, , , 29, 4, 1
2021/9/14, , , 32, 4, 1
2021/9/15, , , 28, 5, 1
2021/9/16, , , 26, 2, 1
2021/9/17, , , 20, , 1
2021/9/18, , , 24, 1, 1
2021/9/19, , , 28, 3, 1
2021/9/20, , , 27, 6, 1
2021/9/21, , , 22, 4, 1
2021/9/22, , , 27, 2, 1
2021/9/23, , , 33, 1, 1
2021/9/24, , , 29, 3, 1
2021/9/25, , , 29, 5, 1
2021/9/26, , , 25, 3, 1
2021/9/27, , , 25, 4, 1
2021/9/28, , , 30, 5, 1
2021/9/29, , , 28, 2, 1
2021/9/30, , , 26, 3, 1
2021/4/1, , , 30, 1, 1
2021/4/2, , , 33, 1, 1
2021/4/3, , , 36, 1, 1
2021/4/4, , , 35, , 1
2021/4/5, , , 34, 2, 1
2021/4/6, , , 28, 2, 1
2021/4/7, , , 30, 2, 1
2021/4/8, , , 34, 3, 1
2021/4/9, , , 34, 2, 1
2021/4/10, , , 33, 5, 1
2021/4/11, , , 29, 2, 1
2021/4/12, , , 35, 2, 1
2021/4/13, , , 32, 3, 1
2021/4/14, , , 38, 4, 1
2021/4/15, , , 35, 3, 1
2021/4/16, , , 34, 3, 1
2021/4/17, , , 33, 4, 1
2021/4/18, , , 34, 3, 1
2021/4/19, , , 38, 6, 1
2021/4/20, , , 37, 2, 1
2021/4/21, , , 37, 1, 1
2021/4/22, , , 36, 1, 1
2021/4/23, , , 36, 1, 1
2021/4/24, , , 33, , 1
2021/4/25, , , 33, 2, 1
2021/4/26, , , 35, 5, 1
2021/4/27, , , 36, 7, 1
2021/4/28, , , 36, 3, 1
2021/4/29, , , 42, 2, 1
2021/4/30, , , 37, 3, 1
2021/5/1, , , 37, 4, 1
2021/5/2, , , 37, 4, 1
2021/5/3, , , 35, 4, 1
2021/5/4, , , 33, 2, 1
2021/5/5, , , 33, 2, 1
2021/5/6, , , 27, 2, 1
2021/5/7, , , 32, 1, 1
2021/5/8, , , 37, 4, 1
2021/5/9, , , 36, 5, 1
2021/5/10, , , 40, 2, 1
2021/5/11, , , 32, 3, 1
2021/5/12, , , 24, 2, 1
2021/5/13, , , 31, 6, 1
2021/5/14, , , 35, 2, 1
2021/5/15, , , 32, 4, 1
2021/5/16, , , 35, 4, 1
2021/5/17, , , 37, 3, 1
2021/5/18, , , 36, 1, 1
2021/5/19, , , 38, 2, 1
2021/5/20, , , 37, 3, 1
2021/5/21, , , 33, 2, 1
2021/5/22, , , 31, 1, 
2021/5/23, , , 33, 2, 1
2021/5/24, , , 39, 4, 1
2021/5/25, , , 35, 3, 1
2021/5/26, , , 34, 3, 1
2021/5/27, , , 27, 1, 
2021/5/28, , , 33, 1, 
2021/5/29, , , 33, 4, 1
2021/5/30, , , 32, 3, 
2021/5/31, , , 37, 3, 1
2021/6/1, , , 32, 3, 1
2021/6/2, , , 38, 3, 1
2021/6/3, , , 43, 7, 1
2021/6/4, , , 38, 4, 1
2021/6/5, , , 42, 5, 1
2021/6/6, , , 46, 3, 1
2021/6/7, , , 40, 1, 1
2021/6/8, , , 33, 2, 1
2021/6/9, , , 41, 3, 1
2021/6/10, , , 48, 3, 1
2021/6/11, , , 34, 1, 
2021/6/12, , , 31, , 
2021/6/13, , , 28, 2, 1
2021/6/14, , , 43, 1, 
2021/6/15, , , 30, 4, 1
2021/6/16, , , 34, 4, 1
2021/6/17, , , 53, 7, 1
2021/6/18, , , 62, 3, 1
2021/6/19, , , 60, 3, 1
2021/6/20, , , 48, 1, 
2021/6/21, , , 33, 2, 
2021/6/22, , , 30, 2, 1
2021/6/23, , , 24, 3, 1
2021/6/24, , , 31, 2, 
2021/6/25, , , 34, 1, 1
2021/6/26, , , 31, 2, 1
2021/6/27, , , 29, 4, 
2021/6/28, , , 34, 6, 1
2021/6/29, , , 39, 4, 1
2021/6/30, , , 32, 2, 
2021/1/4, , , 17, 2, 1
2021/1/5, , , 16, 2, 1
2021/1/6, , , 16, 3, 2
2021/1/7, , , 10, 4, 1
2021/1/8, , , 10, 3, 1
2021/1/9, , , 17, 4, 1
2021/1/10, , , 15, 4, 1
2021/1/11, , , 23, 5, 1
2021/1/12, , , 27, 4, 1
2021/1/13, , , 26, 3, 1
2021/1/14, , , 22, 3, 1
2021/1/15, , , 24, 4, 1
2021/1/16, , , 22, 6, 1
2021/1/17, , , 19, 6, 1
2021/1/18, , , 20, 6, 1
2021/1/19, , , 22, 6, 1
2021/1/20, , , 20, 4, 1
2021/1/21, , , 27, 3, 1
2021/1/22, , , 25, 6, 1
2021/1/23, , , 23, 9, 2
2021/1/24, , , 12, 8, 1
2021/1/25, , , 13, 5, 1
2021/1/26, , , 24, 8, 1
2021/1/27, , , 16, 2, 1
2021/1/28, , , 24, 4, 1
2021/1/29, , , 19, 3, 1
2021/1/30, , , 20, 4, 2
2021/1/31, , , 26, 6, 1
2021/2/1, , , 23, 8, 2
2021/2/2, , , 19, 2, 1
2021/2/3, , , 22, 3, 1
2021/2/4, , , 21, 3, 1
2021/2/5, , , 24, 1, 1
2021/2/6, , , 31, , 1
2021/2/7, , , 32, 1, 1
2021/2/8, , , 32, 1, 1
2021/2/9, , , 33, 2, 1
2021/2/10, , , 30, 3, 1
2021/2/11, , , 31, 5, 1
2021/2/12, , , 30, 5, 1
2021/2/13, , , 27, , 
2021/2/15, , , 31, 7, 2
2021/2/16, , , 24, 8, 3
2021/2/17, , , 19, 6, 3
2021/2/18, , , 21, 6, 2
2021/2/19, , , 23, 8, 1
2021/2/20, , , 18, 13, 2
2021/2/21, , , 11, 16, 2
2021/2/22, , , 9, 14, 2
2021/2/23, , , 12, 7, 1
2021/2/24, , , 23, 6, 1
2021/2/25, , , 25, 2, 1
2021/2/26, , , 30, 4, 1
2021/2/27, , , 24, 2, 1
2021/2/28, , , 29, 7, 1
2021/3/1, , , 23, 4, 1
2021/3/2, , , 24, 10, 1
2021/3/3, , , 15, 3, 1
2021/3/4, , , 28, 5, 1
2021/3/5, , , 31, 3, 1
2021/3/6, , , 33, 1, 1
2021/3/7, , , 34, 5, 1
2021/3/8, , , 31, 7, 1
2021/3/9, , , 28, 9, 1
2021/3/10, , , 31, 4, 1
2021/3/11, , , 31, 2, 1
2021/3/12, , , 30, 3, 1
2021/3/13, , , 29, 1, 1
2021/3/14, , , 31, 3, 1
2021/3/15, , , 28, 5, 1
2021/3/16, , , 26, 6, 1
2021/3/17, , , 29, 4, 1
2021/3/18, , , 29, 1, 1
2021/3/19, , , 27, 2, 1
2021/3/20, , , 33, , 1
2021/3/21, , , 35, 4, 1
2021/3/22, , , 32, 2, 1
2021/3/23, , , 29, 4, 1
2021/3/24, , , 28, 4, 1
2021/3/25, , , 35, 6, 1
2021/3/26, , , 31, 4, 1
2021/3/27, , , 33, 2, 1
2021/3/28, , , 29, 3, 1
2021/3/29, , , 29, 3, 1
2021/3/30, , , 28, 6, 1
2021/3/31, , , 37, 3, 1
2020/10/1, , , 27, 2, 1
2020/10/2, , , 26, 1, 1
2020/10/3, , , 25, 3, 1
2020/10/4, , , 22, 4, 1
2020/10/5, , , 27, 4, 1
2020/10/6, , , 18, 3, 1
2020/10/7, , , 22, 4, 1
2020/10/8, , , 20, 3, 1
2020/10/9, , , 27, 2, 1
2020/10/10, , , 28, 3, 1
2020/10/11, , , 28, 9, 1
2020/10/12, , , 19, 7, 1
2020/10/13, , , 23, 1, 1
2020/10/14, , , 25, 2, 1
2020/10/15, , , 24, 5, 1
2020/10/16, , , 21, 2, 1
2020/10/17, , , 26, 2, 1
2020/10/18, , , 26, 8, 1
2020/10/19, , , 25, 6, 1
2020/10/20, , , 21, 7, 1
2020/10/21, , , 20, 3, 1
2020/10/22, , , 26, 4, 1
2020/10/23, , , 21, 3, 1
2020/10/24, , , 25, 3, 1
2020/10/25, , , 21, 6, 1
2020/10/26, , , 16, 4, 1
2020/10/27, , , 19, 3, 1
2020/10/28, , , 21, 7, 1
2020/10/29, , , 19, 7, 1
2020/10/30, , , 19, 5, 1
2020/10/31, , , 16, 3, 1
2020/11/1, , , 21, 3, 1
2020/11/2, , , 29, 3, 1
2020/11/3, , , 26, 3, 1
2020/11/4, , , 26, 3, 1
2020/11/5, , , 24, 4, 1
2020/11/6, , , 26, 6, 1
2020/11/7, , , 19, 5, 1
2020/11/8, , , 25, 3, 1
2020/11/9, , , 23, 4, 1
2020/11/10, , , 19, 5, 2
2020/11/11, , , 13, 6, 2
2020/11/12, , , 14, 7, 1
2020/11/13, , , 18, 7, 1
2020/11/14, , , 16, 6, 1
2020/11/15, , , 14, 3, 1
2020/11/16, , , 24, 3, 1
2020/11/17, , , 25, 3, 1
2020/11/18, , , 22, 2, 1
2020/11/19, , , 30, 5, 1
2020/11/20, , , 25, 3, 1
2020/11/21, , , 27, 1, 1
2020/11/22, , , 26, 3, 1
2020/11/23, , , 22, 6, 1
2020/11/24, , , 18, 7, 1
2020/11/25, , , 10, 6, 1
2020/11/26, , , 21, 10, 1
2020/11/27, , , 16, 3, 
2020/11/28, , , 15, 1, 
2020/11/29, , , 17, 6, 1
2020/11/30, , , 17, 7, 1
2020/12/1, , , 10, 7, 2
2020/12/2, , , 13, 7, 2
2020/12/3, , , 12, 6, 2
2020/12/4, , , 13, 5, 2
2020/12/5, , , 13, 6, 2
2020/12/6, , , 15, 4, 2
2020/12/7, , , 15, 6, 2
2020/12/8, , , 11, 5, 2
2020/12/9, , , 11, 4, 2
2020/12/10, , , 14, 5, 2
2020/12/11, , , 13, 5, 2
2020/12/12, , , 15, 4, 
2020/12/13, , , 15, 6, 
2020/12/14, , , 11, 9, 
2020/12/15, , , 9, 9, 
2020/12/16, , , 21, 7, 1
2020/12/17, , , 19, 6, 1
2020/12/18, , , 16, 7, 1
2020/12/19, , , 11, 8, 1
2020/12/20, , , 8, 6, 1
2020/12/21, , , 17, 5, 1
2020/12/22, , , 24, 11, 1
2020/12/23, , , 21, 6, 1
2020/12/24, , , 18, 3, 1
2020/12/25, , , 23, 3, 1
2020/12/26, , , 21, 1, 1
2020/12/27, , , 24, 3, 1
2020/12/28, , , 21, 5, 2
2020/12/29, , , 12, 4, 2
2020/12/30, , , 17, 3, 1
2020/12/31, , , 20, 3, 1
2021/1/1, , , 20, 3, 1
2021/1/2, , , 15, 1, 1
2021/1/3, , , 19, 1, 1
2020/7/1, , , 31, 1, 
2020/7/2, , , 29, 1, 
2020/7/3, , , 27, 1, 1
2020/7/4, , , 24, , 
2020/7/5, , , 23, 1, 
2020/7/6, , , 24, 1, 
2020/7/7, , , 23, 1, 1
2020/7/8, , , 23, 2, 1
2020/7/9, , , 25, 4, 1
2020/7/10, , , 23, , 
2020/7/11, , , 25, , 1
2020/7/12, , , 24, 2, 
2020/7/13, , , 29, 4, 1
2020/7/14, , , 37, 3, 
2020/7/15, , , 24, 2, 
2020/7/16, , , 25, 3, 
2020/7/17, , , 31, 4, 1
2020/7/18, , , 38, 3, 1
2020/7/19, , , 40, , 
2020/7/20, , , 26, , 
2020/7/21, , , 26, , 
2020/7/22, , , 27, 1, 
2020/7/23, , , 28, 1, 1
2020/7/24, , , 28, 2, 1
2020/7/25, , , 31, 2, 1
2020/7/26, , , 26, 2, 1
2020/7/27, , , 28, 1, 
2020/7/28, , , 27, 1, 
2020/7/29, , , 22, 1, 
2020/7/30, , , 23, 2, 
2020/7/31, , , 27, 3, 1
2020/8/1, , , 27, 1, 1
2020/8/2, , , 25, 1, 
2020/8/3, , , 27, 1, 
2020/8/4, , , 27, 6, 1
2020/8/5, , , 40, 6, 1
2020/8/6, , , 55, 4, 1
2020/8/7, , , 45, 3, 1
2020/8/8, , , 49, 2, 1
2020/8/9, , , 49, 3, 1
2020/8/10, , , 40, 2, 1
2020/8/11, , , 28, 2, 
2020/8/12, , , 27, 4, 
2020/8/13, , , 32, 6, 1
2020/8/14, , , 44, 6, 1
2020/8/15, , , 58, 8, 1
2020/8/16, , , 59, 7, 1
2020/8/17, , , 45, 3, 1
2020/8/18, , , 49, 4, 1
2020/8/19, , , 37, 4, 1
2020/8/20, , , 37, 7, 1
2020/8/21, , , 33, 1, 
2020/8/22, , , 34, 1, 
2020/8/23, , , 30, 2, 
2020/8/24, , , 28, 2, 
2020/8/25, , , 30, , 1
2020/8/26, , , 26, 6, 1
2020/8/27, , , 25, 2, 1
2020/8/28, , , 28, 5, 1
2020/8/29, , , 31, 4, 1
2020/8/30, , , 27, 2, 1
2020/8/31, , , 26, 3, 1
2020/9/1, , , 22, 2, 1
2020/9/2, , , 22, 3, 
2020/9/3, , , 35, 2, 
2020/9/4, , , 27, 1, 1
2020/9/5, , , 26, 1, 1
2020/9/6, , , 24, 2, 1
2020/9/7, , , 27, 2, 1
2020/9/8, , , 22, 2, 1
2020/9/9, , , 19, 2, 1
2020/9/10, , , 25, 4, 1
2020/9/11, , , 34, 2, 1
2020/9/12, , , 31, 1, 1
2020/9/13, , , 24, 4, 1
2020/9/14, , , 27, 11, 2
2020/9/15, , , 41, 4, 1
2020/9/16, , , 28, 2, 1
2020/9/17, , , 26, 5, 1
2020/9/18, , , 28, 4, 1
2020/9/19, , , 21, 5, 1
2020/9/20, , , 16, 5, 1
2020/9/21, , , 31, 10, 1
2020/9/22, , , 36, 9, 1
2020/9/23, , , 51, 5, 1
2020/9/24, , , 46, 5, 1
2020/9/25, , , 26, 2, 1
2020/9/26, , , 26, 1, 1
2020/9/27, , , 31, 4, 1
2020/9/28, , , 22, 5, 1
2020/9/29, , , 29, 5, 1
2020/9/30, , , 33, 2, 1
2020/4/1, , , 34, 1, 1
2020/4/2, , , 36, 1, 1
2020/4/3, , , 34, 3, 1
2020/4/4, , , 33, 3, 1
2020/4/5, , , 37, 6, 1
2020/4/6, , , 42, 2, 1
2020/4/7, , , 29, 8, 1
2020/4/8, , , 31, 1, 1
2020/4/9, , , 33, 2, 1
2020/4/10, , , 34, 3, 1
2020/4/11, , , 35, 2, 1
2020/4/12, , , 37, , 1
2020/4/13, , , 34, 1, 1
2020/4/14, , , 36, 1, 1
2020/4/15, , , 36, 1, 1
2020/4/16, , , 37, 3, 1
2020/4/17, , , 34, 2, 1
2020/4/18, , , 35, 2, 1
2020/4/19, , , 36, 4, 1
2020/4/20, , , 32, 5, 1
2020/4/21, , , 35, 5, 1
2020/4/22, , , 35, 7, 1
2020/4/23, , , 38, 3, 1
2020/4/24, , , 38, , 1
2020/4/25, , , 38, 2, 1
2020/4/26, , , 36, 4, 1
2020/4/27, , , 36, 2, 1
2020/4/28, , , 37, 2, 1
2020/4/29, , , 34, 4, 1
2020/4/30, , , 29, 5, 1
2020/5/1, , , 35, 2, 1
2020/5/2, , , 32, 1, 1
2020/5/3, , , 36, 2, 1
2020/5/4, , , 36, 1, 1
2020/5/5, , , 33, 2, 1
2020/5/6, , , 37, 1, 1
2020/5/7, , , 39, 1, 1
2020/5/8, , , 45, 4, 1
2020/5/9, , , 39, 2, 1
2020/5/10, , , 36, 1, 1
2020/5/11, , , 27, 2, 1
2020/5/12, , , 34, 2, 1
2020/5/13, , , 29, 2, 1
2020/5/14, , , 36, 1, 1
2020/5/15, , , 34, 1, 1
2020/5/16, , , 33, 1, 1
2020/5/17, , , 33, 2, 1
2020/5/18, , , 26, 2, 1
2020/5/19, , , 30, 5, 1
2020/5/20, , , 34, 5, 1
2020/5/21, , , 37, 2, 1
2020/5/22, , , 36, 2, 1
2020/5/23, , , 31, 1, 1
2020/5/24, , , 29, 2, 1
2020/5/25, , , 30, 5, 1
2020/5/26, , , 30, 2, 1
2020/5/27, , , 31, 2, 1
2020/5/28, , , 30, 3, 1
2020/5/29, , , 35, 3, 1
2020/5/30, , , 32, 3, 1
2020/5/31, , , 27, , 
2020/6/2, , , 35, 2, 1
2020/6/3, , , 36, 1, 1
2020/6/4, , , 32, 1, 1
2020/6/5, , , 35, 1, 1
2020/6/6, , , 32, 3, 1
2020/6/7, , , 36, 5, 1
2020/6/8, , , 30, 3, 
2020/6/9, , , 32, 3, 1
2020/6/10, , , 35, 2, 1
2020/6/11, , , 30, 2, 1
2020/6/12, , , 27, 3, 1
2020/6/13, , , 26, 1, 1
2020/6/14, , , 29, 2, 1
2020/6/15, , , 39, 3, 1
2020/6/16, , , 41, 3, 1
2020/6/17, , , 41, 3, 1
2020/6/18, , , 36, 3, 1
2020/6/19, , , 35, 1, 1
2020/6/20, , , 34, , 1
2020/6/21, , , 29, 1, 
2020/6/22, , , 32, 1, 1
2020/6/23, , , 32, 3, 1
2020/6/24, , , 34, 6, 1
2020/6/25, , , 40, 3, 1
2020/6/26, , , 46, 2, 1
2020/6/27, , , 49, 2, 1
2020/6/28, , , 36, 1, 
2020/6/29, , , 39, 1, 1
2020/6/30, , , 26, 2, 1
2020/1/1, , , 29, 4, 1
2020/1/2, , , 19, 4, 1
2020/1/3, , , 29, 1, 1
2020/1/4, , , 33, 4, 1
2020/1/5, , , 21, 6, 1
2020/1/6, , , 24, 5, 1
2020/1/7, , , 22, 5, 1
2020/1/8, , , 24, 9, 1
2020/1/9, , , 20, 7, 1
2020/1/10, , , 26, 3, 1
2020/1/11, , , 24, 3, 1
2020/1/12, , , 22, 6, 1
2020/1/13, , , 22, 5, 1
2020/1/14, , , 23, 3, 1
2020/1/15, , , 31, 5, 1
2020/1/16, , , 27, 9, 1
2020/1/17, , , 13, 2, 1
2020/1/18, , , 28, 4, 1
2020/1/19, , , 26, 5, 1
2020/1/20, , , 26, 2, 1
2020/1/21, , , 32, 5, 1
2020/1/22, , , 32, 5, 1
2020/1/23, , , 24, 4, 1
2020/1/24, , , 24, 4, 1
2020/1/25, , , 25, 6, 2
2020/1/26, , , 16, 7, 2
2020/1/27, , , 11, 7, 1
2020/1/28, , , 21, 4, 1
2020/1/29, , , 28, 4, 1
2020/1/30, , , 26, 4, 1
2020/1/31, , , 29, 2, 1
2020/2/1, , , 30, 2, 1
2020/2/2, , , 29, 7, 1
2020/2/3, , , 30, 3, 1
2020/2/4, , , 29, 5, 1
2020/2/5, , , 27, 3, 1
2020/2/6, , , 30, 4, 1
2020/2/7, , , 26, 4, 1
2020/2/8, , , 26, 4, 1
2020/2/9, , , 38, 2, 1
2020/2/10, , , 32, 2, 1
2020/2/11, , , 32, 2, 1
2020/2/12, , , 30, 5, 1
2020/2/13, , , 29, 7, 1
2020/2/14, , , 24, 3, 1
2020/2/15, , , 18, , 
2020/2/17, , , 30, 2, 1
2020/2/18, , , 30, 4, 1
2020/2/19, , , 27, 5, 1
2020/2/20, , , 24, 2, 1
2020/2/21, , , 29, 1, 1
2020/2/22, , , 33, 1, 1
2020/2/23, , , 32, 3, 1
2020/2/24, , , 32, 2, 1
2020/2/25, , , 29, 5, 1
2020/2/26, , , 24, 9, 1
2020/2/27, , , 22, 5, 1
2020/2/28, , , 30, 4, 1
2020/2/29, , , 35, 2, 1
2020/3/1, , , 30, 9, 1
2020/3/2, , , 21, 7, 2
2020/3/3, , , 17, 4, 1
2020/3/4, , , 30, 5, 1
2020/3/5, , , 28, 2, 1
2020/3/6, , , 30, 3, 1
2020/3/7, , , 26, 3, 1
2020/3/8, , , 26, 6, 1
2020/3/9, , , 26, 4, 1
2020/3/10, , , 29, 1, 1
2020/3/11, , , 33, 1, 1
2020/3/12, , , 33, 2, 1
2020/3/13, , , 33, 3, 1
2020/3/14, , , 32, 2, 1
2020/3/15, , , 30, 3, 1
2020/3/16, , , 29, 3, 1
2020/3/17, , , 29, 3, 1
2020/3/18, , , 24, 2, 1
2020/3/19, , , 33, 1, 1
2020/3/20, , , 29, 1, 1
2020/3/21, , , 31, 1, 1
2020/3/22, , , 31, 3, 1
2020/3/23, , , 32, 3, 1
2020/3/24, , , 33, 3, 1
2020/3/25, , , 38, 5, 2
2020/3/26, , , 38, 5, 1
2020/3/27, , , 40, 3, 1
2020/3/28, , , 38, , 1
2020/3/29, , , 32, 2, 1
2020/3/30, , , 33, 3, 1
2020/3/31, , , 33, 2, 1
2019/10/1, , , 26, 7, 1
2019/10/2, , , 23, 4, 1
2019/10/3, , , 17, 3, 1
2019/10/4, , , 20, 2, 1
2019/10/5, , , 25, 2, 1
2019/10/6, , , 26, 7, 1
2019/10/7, , , 23, 6, 1
2019/10/8, , , 21, 4, 1
2019/10/9, , , 22, 4, 1
2019/10/10, , , 24, 3, 1
2019/10/11, , , 26, 2, 1
2019/10/12, , , 24, 3, 1
2019/10/13, , , 21, 2, 1
2019/10/14, , , 28, 4, 1
2019/10/15, , , 21, 5, 1
2019/10/16, , , 18, 8, 1
2019/10/17, , , 14, 5, 1
2019/10/18, , , 28, 3, 1
2019/10/19, , , 23, 5, 1
2019/10/20, , , 15, 6, 1
2019/10/21, , , 12, 5, 1
2019/10/22, , , 23, 7, 1
2019/10/23, , , 25, 6, 1
2019/10/24, , , 13, 4, 1
2019/10/25, , , 20, 2, 1
2019/10/26, , , 25, 1, 1
2019/10/27, , , 29, 6, 1
2019/10/28, , , 27, 7, 1
2019/10/29, , , 24, 11, 1
2019/10/30, , , 23, 9, 1
2019/10/31, , , 21, 10, 1
2019/11/1, , , 23, , 
2019/11/4, , , 25, 2, 1
2019/11/5, , , 22, 6, 1
2019/11/6, , , 22, 6, 1
2019/11/7, , , 16, 9, 1
2019/11/8, , , 17, 5, 1
2019/11/9, , , 15, 3, 1
2019/11/10, , , 13, 5, 1
2019/11/11, , , 20, 5, 1
2019/11/12, , , 19, 7, 1
2019/11/13, , , 18, 8, 1
2019/11/14, , , 13, 2, 1
2019/11/15, , , 27, 4, 1
2019/11/16, , , 17, 4, 1
2019/11/17, , , 22, 5, 1
2019/11/18, , , 14, 5, 1
2019/11/19, , , 22, 7, 1
2019/11/20, , , 19, 6, 2
2019/11/21, , , 8, 7, 2
2019/11/22, , , 11, 3, 2
2019/11/23, , , 15, 2, 1
2019/11/24, , , 17, 5, 2
2019/11/25, , , 11, 8, 2
2019/11/26, , , 9, 8, 2
2019/11/27, , , 7, 6, 1
2019/11/28, , , 16, 3, 1
2019/11/29, , , 26, 8, 1
2019/11/30, , , 22, 5, 1
2019/12/1, , , 22, 8, 1
2019/12/2, , , 23, 10, 1
2019/12/3, , , 25, 5, 1
2019/12/4, , , 25, 7, 1
2019/12/5, , , 19, 6, 1
2019/12/6, , , 15, 2, 1
2019/12/7, , , 32, 2, 1
2019/12/8, , , 33, 2, 1
2019/12/9, , , 30, 10, 1
2019/12/10, , , 26, 5, 1
2019/12/11, , , 24, 6, 1
2019/12/12, , , 20, 5, 1
2019/12/13, , , 19, 4, 1
2019/12/14, , , 31, 1, 1
2019/12/15, , , 33, 6, 1
2019/12/16, , , 26, 11, 1
2019/12/17, , , 14, 6, 1
2019/12/18, , , 24, 9, 1
2019/12/19, , , 13, 8, 2
2019/12/20, , , 9, 8, 1
2019/12/21, , , 14, 4, 1
2019/12/22, , , 21, 5, 1
2019/12/23, , , 20, 3, 1
2019/12/24, , , 21, 4, 1
2019/12/25, , , 18, 1, 1
2019/12/26, , , 21, 2, 1
2019/12/27, , , 19, 2, 1
2019/12/28, , , 20, 5, 1
2019/12/29, , , 16, , 
2019/7/1, , , 29, 1, 
2019/7/2, , , 28, 1, 
2019/7/3, , , 28, 2, 1
2019/7/4, , , 25, 1, 
2019/7/5, , , 30, 1, 
2019/7/6, , , 27, 1, 
2019/7/7, , , 26, 2, 1
2019/7/8, , , 26, 1, 
2019/7/9, , , 25, 1, 1
2019/7/10, , , 32, 4, 1
2019/7/11, , , 35, 5, 1
2019/7/12, , , 44, 8, 1
2019/7/13, , , 37, 2, 1
2019/7/14, , , 31, 3, 
2019/7/15, , , 31, 2, 1
2019/7/16, , , 29, 3, 1
2019/7/17, , , 32, 6, 1
2019/7/18, , , 36, 5, 1
2019/7/19, , , 37, 4, 1
2019/7/20, , , 38, 2, 1
2019/7/21, , , 31, 2, 1
2019/7/22, , , 23, 2, 1
2019/7/23, , , 26, 6, 1
2019/7/24, , , 36, 6, 1
2019/7/25, , , 26, 6, 1
2019/7/26, , , 34, 3, 1
2019/7/27, , , 37, 4, 1
2019/7/28, , , 38, 4, 1
2019/7/29, , , 44, 4, 1
2019/7/30, , , 28, 4, 
2019/7/31, , , 25, 4, 1
2019/8/1, , , 28, 5, 1
2019/8/2, , , 30, 3, 1
2019/8/3, , , 36, 4, 1
2019/8/4, , , 34, 3, 1
2019/8/5, , , 37, 3, 1
2019/8/6, , , 32, 3, 1
2019/8/7, , , 34, 4, 1
2019/8/8, , , 29, 3, 1
2019/8/9, , , 31, 2, 1
2019/8/10, , , 33, 1, 
2019/8/11, , , 35, 3, 1
2019/8/12, , , 34, 5, 1
2019/8/13, , , 27, 3, 1
2019/8/14, , , 34, 5, 1
2019/8/15, , , 34, 3, 1
2019/8/16, , , 30, 4, 1
2019/8/17, , , 30, 3, 1
2019/8/18, , , 23, 3, 1
2019/8/19, , , 31, 3, 1
2019/8/20, , , 31, 4, 1
2019/8/21, , , 32, 6, 1
2019/8/22, , , 42, 2, 
2019/8/23, , , 19, 2, 
2019/8/25, , , 54, 7, 1
2019/8/26, , , 46, 8, 2
2019/8/27, , , 46, 8, 2
2019/8/28, , , 53, 4, 1
2019/8/29, , , 48, 4, 1
2019/8/30, , , 36, 8, 2
2019/8/31, , , 55, 3, 1
2019/9/1, , , 45, 3, 
2019/9/2, , , 30, 3, 1
2019/9/3, , , 27, 4, 1
2019/9/4, , , 31, 3, 1
2019/9/5, , , 28, 3, 1
2019/9/6, , , 27, 3, 1
2019/9/7, , , 29, 10, 2
2019/9/8, , , 24, 3, 1
2019/9/9, , , 27, 4, 1
2019/9/10, , , 24, 3, 1
2019/9/11, , , 36, 3, 1
2019/9/12, , , 23, 1, 1
2019/9/13, , , 27, , 
2019/9/16, , , 30, 2, 1
2019/9/17, , , 28, 4, 1
2019/9/18, , , 21, 5, 2
2019/9/19, , , 24, 5, 1
2019/9/20, , , 19, 7, 1
2019/9/21, , , 23, 9, 1
2019/9/22, , , 24, 2, 1
2019/9/23, , , 24, 6, 
2019/9/24, , , 20, 7, 
2019/9/25, , , 26, 4, 
2019/9/26, , , 25, 6, 1
2019/9/27, , , 22, 4, 1
2019/9/28, , , 23, 2, 1
2019/9/29, , , 24, 3, 1
2019/9/30, , , 30, 6, 1
2019/4/1, , , 31, , 
2019/4/2, , , 36, , 1
2019/4/3, , , 36, 5, 2
2019/4/4, , , 42, 4, 2
2019/4/5, , , 46, 6, 1
2019/4/6, , , 41, 7, 2
2019/4/7, , , 42, 3, 1
2019/4/8, , , 43, 4, 1
2019/4/9, , , 31, 2, 1
2019/4/10, , , 33, 2, 1
2019/4/11, , , 35, 2, 1
2019/4/12, , , 36, 1, 1
2019/4/13, , , 37, 1, 1
2019/4/14, , , 40, 2, 1
2019/4/15, , , 40, 2, 1
2019/4/16, , , 40, 4, 1
2019/4/17, , , 40, 4, 1
2019/4/18, , , 48, 5, 1
2019/4/19, , , 49, 13, 1
2019/4/20, , , 46, 7, 1
2019/4/21, , , 58, 4, 1
2019/4/22, , , 44, 3, 1
2019/4/23, , , 52, 4, 1
2019/4/24, , , 42, 8, 1
2019/4/25, , , 31, 9, 1
2019/4/26, , , 44, 3, 1
2019/4/27, , , 36, 2, 1
2019/4/28, , , 39, 3, 1
2019/4/29, , , 41, 8, 1
2019/4/30, , , 40, 2, 1
2019/5/1, , , 43, 1, 1
2019/5/2, , , 42, 2, 1
2019/5/3, , , 33, 2, 1
2019/5/4, , , 34, 3, 1
2019/5/5, , , 37, 2, 1
2019/5/6, , , 36, 2, 1
2019/5/7, , , 31, 4, 1
2019/5/8, , , 39, 6, 1
2019/5/9, , , 35, 8, 1
2019/5/10, , , 31, 2, 1
2019/5/11, , , 38, 1, 1
2019/5/12, , , 33, 3, 1
2019/5/13, , , 35, 5, 1
2019/5/14, , , 31, 5, 1
2019/5/15, , , 34, 3, 1
2019/5/16, , , 38, 4, 1
2019/5/17, , , 30, 6, 1
2019/5/18, , , 32, 6, 1
2019/5/19, , , 33, 3, 1
2019/5/20, , , 39, 9, 1
2019/5/21, , , 26, 5, 
2019/5/22, , , 32, 2, 
2019/5/23, , , 45, 3, 
2019/5/24, , , 38, 1, 1
2019/5/25, , , 35, 2, 1
2019/5/26, , , 30, 2, 
2019/5/27, , , 30, 1, 
2019/5/28, , , 38, 1, 
2019/5/29, , , 32, 3, 1
2019/5/30, , , 32, 5, 1
2019/5/31, , , 29, 2, 1
2019/6/1, , , 28, 2, 
2019/6/2, , , 33, 5, 1
2019/6/3, , , 43, 6, 
2019/6/4, , , 28, 5, 1
2019/6/5, , , 57, 4, 1
2019/6/6, , , 46, 4, 1
2019/6/7, , , 34, 3, 1
2019/6/8, , , 34, 2, 
2019/6/9, , , 38, 5, 
2019/6/10, , , 35, 3, 1
2019/6/11, , , 41, 4, 1
2019/6/12, , , 33, 4, 1
2019/6/13, , , 39, 5, 
2019/6/14, , , 44, 7, 1
2019/6/15, , , 39, 1, 
2019/6/16, , , 38, 4, 
2019/6/17, , , 32, 6, 1
2019/6/18, , , 47, 6, 1
2019/6/19, , , 57, 3, 1
2019/6/20, , , 45, 2, 1
2019/6/21, , , 36, 2, 
2019/6/22, , , 30, 4, 1
2019/6/23, , , 31, 6, 1
2019/6/24, , , 34, 4, 1
2019/6/25, , , 50, 7, 1
2019/6/26, , , 51, 1, 
2019/6/27, , , 32, 3, 
2019/6/28, , , 34, 3, 
2019/6/29, , , 29, 3, 
2019/6/30, , , 65, 2, 
2019/1/1, , , 32, 2, 1
2019/1/2, , , 31, 11, 2
2019/1/3, , , 29, 5, 1
2019/1/4, , , 26, 5, 2
2019/1/5, , , 22, 6, 2
2019/1/6, , , 27, 7, 1
2019/1/7, , , 24, 5, 1
2019/1/8, , , 28, 3, 1
2019/1/9, , , 30, 11, 1
2019/1/10, , , 25, 6, 1
2019/1/11, , , 26, 4, 1
2019/1/12, , , 27, 2, 1
2019/1/13, , , 30, 2, 1
2019/1/14, , , 30, 4, 1
2019/1/15, , , 27, , 
2019/3/6, , , 25, 7, 2
2019/3/7, , , 32, 2, 1
2019/3/8, , , 36, 2, 1
2019/3/9, , , 38, 2, 1
2019/3/10, , , 37, 7, 1
2019/3/11, , , 33, 6, 1
2019/3/12, , , 33, 4, 1
2019/3/13, , , 33, 5, 1
2019/3/14, , , 31, 4, 1
2019/3/15, , , 31, 2, 1
2019/3/16, , , 36, 1, 1
2019/3/17, , , 38, 3, 1
2019/3/18, , , 34, 6, 1
2019/3/19, , , 36, 6, 2
2019/3/20, , , 28, 5, 1
2019/3/21, , , 23, 6, 1
2019/3/22, , , 26, 3, 1
2019/3/23, , , 36, 2, 1
2019/3/24, , , 35, 3, 1
2019/3/25, , , 35, 3, 1
2019/3/26, , , 36, 5, 1
2019/3/27, , , 44, 3, 1
2019/3/28, , , 33, 4, 1
2019/3/29, , , 34, 4, 2
2019/3/30, , , 38, 1, 1
2019/3/31, , , 37, 9, 1
2018/10/1, , , 22, 4, 1
2018/10/2, , , 27, 2, 1
2018/10/3, , , 29, 8, 1
2018/10/4, , , 24, 7, 1
2018/10/5, , , 15, 6, 1
2018/10/6, , , 23, 4, 1
2018/10/7, , , 29, 4, 1
2018/10/8, , , 24, 6, 1
2018/10/9, , , 20, 12, 2
2018/10/10, , , 21, 7, 1
2018/10/11, , , 36, 14, 2
2018/10/12, , , 24, 11, 2
2018/10/13, , , 33, 7, 1
2018/10/14, , , 36, 11, 1
2018/10/15, , , 24, 20, 2
2018/10/16, , , 12, 20, 2
2018/10/17, , , 17, 14, 1
2018/10/18, , , 13, 7, 
2018/10/19, , , 28, 5, 1
2018/10/20, , , 26, 4, 1
2018/10/21, , , 22, 3, 1
2018/10/22, , , 28, 1, 
2018/10/23, , , 31, 4, 
2018/10/24, , , 31, 1, 
2018/10/25, , , 31, 6, 
2018/10/26, , , 30, 1, 
2018/10/27, , , 26, 1, 
2018/10/28, , , 23, 2, 1
2018/10/29, , , 21, 6, 1
2018/10/30, , , 12, 6, 1
2018/10/31, , , 16, 8, 1
2018/11/1, , , 12, 7, 1
2018/11/2, , , 24, 5, 1
2018/11/3, , , 26, 5, 1
2018/11/4, , , 23, 7, 1
2018/11/5, , , 11, 12, 2
2018/11/6, , , 9, 11, 2
2018/11/7, , , 10, 15, 2
2018/11/8, , , 2, 9, 2
2018/11/9, , , 19, 6, 2
2018/11/10, , , 12, 7, 1
2018/11/11, , , 13, 9, 1
2018/11/12, , , 14, 5, 1
2018/11/13, , , 23, 6, 1
2018/11/14, , , 21, 10, 1
2018/11/15, , , 16, 6, 1
2018/11/16, , , 20, 4, 1
2018/11/17, , , 16, 1, 1
2018/11/18, , , 25, 1, 1
2018/11/19, , , 25, 2, 1
2018/11/20, , , 23, 2, 1
2018/11/21, , , 25, 3, 1
2018/11/22, , , 24, 5, 1
2018/11/23, , , 21, 5, 1
2018/11/24, , , 15, 1, 1
2018/11/25, , , 22, 12, 1
2018/11/26, , , 27, 6, 
2018/11/27, , , 25, 7, 1
2018/11/28, , , 27, 8, 1
2018/11/29, , , 18, 10, 2
2018/11/30, , , 14, 8, 1
2018/12/1, , , 14, 7, 1
2018/12/2, , , 11, 6, 1
2018/12/3, , , , 2, 1
2018/12/4, , , , 11, 1
2018/12/6, , , 15, 7, 1
2018/12/7, , , 19, 2, 1
2018/12/8, , , 29, 3, 
2018/12/9, , , 25, 2, 1
2018/12/10, , , 21, 3, 1
2018/12/11, , , 18, 3, 1
2018/12/12, , , 18, 3, 1
2018/12/13, , , 17, 3, 1
2018/12/14, , , 19, 4, 1
2018/12/15, , , 16, 3, 1
2018/12/16, , , 16, 11, 2
2018/12/17, , , 15, 9, 2
2018/12/18, , , 14, 8, 1
2018/12/19, , , 12, 10, 2
2018/12/20, , , 8, 8, 2
2018/12/21, , , 12, 6, 2
2018/12/22, , , 15, 4, 1
2018/12/23, , , 21, 6, 1
2018/12/24, , , 20, 1, 1
2018/12/25, , , 25, 2, 1
2018/12/26, , , 27, 2, 1
2018/12/27, , , 23, 4, 1
2018/12/28, , , 25, 4, 1
2018/12/29, , , 23, 3, 1
2018/12/30, , , 27, , 
2018/7/1, , , 30, 3, 1
2018/7/2, , , 34, 3, 1
2018/7/3, , , 38, 5, 1
2018/7/4, , , 40, 3, 1
2018/7/5, , , 28, 2, 1
2018/7/6, , , 35, 1, 1
2018/7/7, , , 38, 3, 1
2018/7/8, , , 37, 2, 1
2018/7/9, , , 28, 7, 1
2018/7/10, , , 24, 4, 1
2018/7/11, , , 31, 4, 1
2018/7/12, , , 37, 3, 1
2018/7/13, , , 42, 1, 1
2018/7/14, , , 30, 1, 1
2018/7/15, , , 40, 3, 1
2018/7/16, , , 43, 8, 1
2018/7/17, , , 34, 4, 1
2018/7/18, , , 42, 2, 1
2018/7/19, , , 38, 2, 1
2018/7/20, , , 37, 4, 1
2018/7/21, , , 45, 9, 1
2018/7/22, , , 42, 3, 1
2018/7/23, , , 29, 10, 1
2018/7/24, , , 28, 5, 1
2018/7/25, , , 50, 3, 1
2018/7/26, , , 42, 4, 1
2018/7/27, , , 37, 3, 1
2018/7/28, , , 47, 3, 1
2018/7/29, , , 44, 6, 1
2018/7/30, , , 47, 5, 1
2018/7/31, , , 44, 6, 1
2018/8/1, , , 37, 5, 1
2018/8/2, , , 43, 6, 1
2018/8/3, , , 47, 3, 1
2018/8/4, , , 35, 1, 1
2018/8/5, , , 29, 4, 1
2018/8/6, , , 29, 7, 1
2018/8/7, , , 49, 6, 1
2018/8/8, , , 67, 4, 1
2018/8/9, , , 43, 2, 1
2018/8/10, , , 39, 3, 1
2018/8/11, , , 34, 3, 
2018/8/12, , , 27, 5, 
2018/8/13, , , 33, 3, 
2018/8/14, , , 36, 3, 
2018/8/15, , , 30, 6, 
2018/8/16, , , 41, 7, 1
2018/8/17, , , 30, 3, 1
2018/8/18, , , 33, 2, 1
2018/8/19, , , 28, 2, 
2018/8/20, , , 28, 3, 1
2018/8/21, , , 31, 5, 1
2018/8/22, , , 34, 6, 1
2018/8/23, , , 46, 4, 1
2018/8/24, , , 26, 3, 1
2018/8/25, , , 27, 2, 1
2018/8/26, , , 30, 5, 1
2018/8/27, , , 27, 5, 1
2018/8/28, , , 27, 9, 1
2018/8/29, , , 27, 8, 1
2018/8/30, , , 28, 4, 1
2018/8/31, , , 29, 3, 1
2018/9/1, , , 32, 9, 1
2018/9/2, , , 25, 3, 1
2018/9/3, , , 35, 5, 1
2018/9/4, , , 33, 10, 1
2018/9/5, , , 34, 6, 1
2018/9/6, , , 36, 5, 1
2018/9/7, , , 34, 3, 1
2018/9/8, , , 29, 4, 1
2018/9/9, , , 34, 5, 1
2018/9/10, , , 31, 3, 1
2018/9/11, , , 26, 4, 1
2018/9/12, , , 25, 5, 1
2018/9/13, , , 26, 4, 1
2018/9/14, , , 29, 3, 1
2018/9/15, , , 27, 3, 1
2018/9/16, , , 29, 7, 1
2018/9/17, , , 27, 12, 2
2018/9/18, , , 49, 5, 1
2018/9/19, , , 29, 5, 1
2018/9/20, , , 26, 5, 1
2018/9/21, , , 33, 1, 1
2018/9/22, , , 28, 2, 1
2018/9/23, , , 29, 4, 1
2018/9/24, , , 30, 5, 1
2018/9/25, , , 30, 4, 1
2018/9/26, , , 26, 3, 1
2018/9/27, , , 23, 2, 1
2018/9/28, , , 27, 3, 1
2018/9/29, , , 28, 3, 1
2018/9/30, , , 28, 6, 1
2018/4/1, , , 36, 3, 2
2018/4/2, , , 42, 8, 2
2018/4/3, , , 30, 7, 1
2018/4/4, , , 34, 5, 
2018/4/5, , , 33, 6, 
2018/4/6, , , 35, 6, 
2018/4/7, , , 37, 6, 
2018/4/8, , , 36, 11, 
2018/4/9, , , 29, 3, 
2018/4/10, , , 38, 3, 1
2018/4/11, , , 35, 2, 1
2018/4/12, , , 39, 3, 2
2018/4/13, , , 40, 6, 2
2018/4/14, , , 34, 5, 2
2018/4/15, , , 25, 7, 2
2018/4/16, , , 31, 5, 1
2018/4/17, , , 31, 5, 1
2018/4/18, , , 36, 8, 2
2018/4/19, , , 33, 9, 1
2018/4/20, , , 50, 2, 1
2018/4/21, , , 39, 4, 1
2018/4/22, , , 35, 4, 1
2018/4/23, , , 35, 3, 1
2018/4/24, , , 31, 3, 1
2018/4/25, , , 33, 4, 1
2018/4/26, , , 32, 3, 1
2018/4/27, , , 35, 7, 2
2018/4/28, , , 36, 4, 1
2018/4/29, , , 41, 4, 1
2018/4/30, , , 41, 5, 1
2018/5/1, , , 29, 5, 1
2018/5/2, , , 38, 5, 1
2018/5/3, , , 40, 6, 1
2018/5/4, , , 36, 10, 2
2018/5/5, , , 39, 10, 2
2018/5/6, , , 44, 11, 2
2018/5/7, , , 35, 8, 1
2018/5/8, , , 37, 5, 
2018/5/9, , , 40, 5, 
2018/5/10, , , 48, 3, 
2018/5/11, , , 34, 6, 
2018/5/12, , , 36, 9, 
2018/5/13, , , 48, 9, 
2018/5/14, , , 42, 6, 
2018/5/15, , , 46, 5, 1
2018/5/16, , , 54, 4, 1
2018/5/17, , , 41, 7, 1
2018/5/18, , , 38, , 1
2018/5/19, , , 35, , 1
2018/5/20, , , 39, , 1
2018/5/21, , , 35, 6, 1
2018/5/22, , , 40, 8, 1
2018/5/23, , , 42, 8, 1
2018/5/24, , , 42, 4, 1
2018/5/25, , , 40, 5, 1
2018/5/26, , , 39, 7, 1
2018/5/27, , , 38, 11, 1
2018/5/28, , , 42, 12, 1
2018/5/29, , , 54, 7, 1
2018/5/30, , , 57, 7, 1
2018/5/31, , , 42, 7, 1
2018/6/1, , , 45, 10, 1
2018/6/2, , , 47, 6, 1
2018/6/3, , , 55, 3, 1
2018/6/4, , , 46, 2, 1
2018/6/5, , , 39, 4, 1
2018/6/6, , , 33, 6, 1
2018/6/7, , , 41, 10, 1
2018/6/8, , , 57, 8, 1
2018/6/9, , , 58, 6, 1
2018/6/10, , , 47, 3, 1
2018/6/11, , , 34, 2, 1
2018/6/12, , , 32, 3, 
2018/6/13, , , 35, 3, 
2018/6/14, , , 42, 4, 
2018/6/15, , , 34, 6, 1
2018/6/16, , , 36, 3, 
2018/6/17, , , 38, 3, 
2018/6/18, , , 35, 3, 
2018/6/19, , , 37, 3, 1
2018/6/20, , , 30, 2, 1
2018/6/21, , , 30, 4, 1
2018/6/22, , , 29, 1, 1
2018/6/23, , , 32, 4, 1
2018/6/24, , , 31, 7, 1
2018/6/25, , , 27, 6, 1
2018/6/26, , , 29, 5, 1
2018/6/27, , , 33, 6, 1
2018/6/28, , , 41, 3, 1
2018/6/29, , , 33, 2, 1
2018/6/30, , , 32, 2, 1
2018/1/1, , , 31, 6, 1
2018/1/2, , , 24, 5, 1
2018/1/3, , , 23, 7, 1
2018/1/4, , , 17, 6, 1
2018/1/5, , , 19, 5, 2
2018/1/6, , , 23, 8, 2
2018/1/7, , , 22, 12, 2
2018/1/8, , , 23, 3, 1
2018/1/9, , , 25, 6, 2
2018/1/10, , , 16, 4, 2
2018/1/11, , , 18, 2, 1
2018/1/12, , , 24, 1, 1
2018/1/13, , , 29, 1, 1
2018/1/14, , , 23, 3, 2
2018/1/15, , , 17, 4, 1
2018/1/16, , , 26, 6, 1
2018/1/17, , , 27, 5, 1
2018/1/18, , , 28, 9, 1
2018/1/19, , , 22, 3, 1
2018/1/20, , , 25, 7, 1
2018/1/21, , , 19, 5, 1
2018/1/22, , , 22, 7, 2
2018/1/23, , , 20, 5, 1
2018/1/24, , , 30, 5, 1
2018/1/25, , , 32, 8, 2
2018/1/26, , , 19, 4, 1
2018/1/27, , , 21, 1, 1
2018/1/28, , , 28, 2, 1
2018/1/29, , , 31, 3, 1
2018/1/30, , , 30, 6, 1
2018/1/31, , , 31, 4, 1
2018/2/1, , , 28, 6, 1
2018/2/2, , , 17, 2, 1
2018/2/3, , , 19, 1, 1
2018/2/4, , , 29, 4, 1
2018/2/5, , , 27, 8, 2
2018/2/6, , , 24, 8, 1
2018/2/7, , , 25, 9, 1
2018/2/8, , , 21, 6, 2
2018/2/9, , , 30, 5, 3
2018/2/10, , , 25, 4, 2
2018/2/11, , , 29, 3, 1
2018/2/12, , , 29, 6, 1
2018/2/13, , , 25, 8, 2
2018/2/14, , , 32, 3, 1
2018/2/15, , , 30, 4, 1
2018/2/16, , , 25, 3, 1
2018/2/17, , , 23, 4, 1
2018/2/18, , , 28, 9, 1
2018/2/19, , , 16, 4, 1
2018/2/20, , , 27, 6, 1
2018/2/21, , , 26, 4, 1
2018/2/22, , , 27, 6, 1
2018/2/23, , , 28, 1, 1
2018/2/24, , , 31, , 
2018/2/25, , , 31, 1, 
2018/2/26, , , 32, , 
2018/2/27, , , 31, 1, 1
2018/2/28, , , 28, 1, 1
2018/3/1, , , 30, 3, 1
2018/3/2, , , 30, 2, 1
2018/3/3, , , 34, 2, 2
2018/3/4, , , 34, 7, 4
2018/3/5, , , 31, 10, 4
2018/3/6, , , 37, 3, 3
2018/3/7, , , 39, 8, 3
2018/3/8, , , 34, 4, 2
2018/3/9, , , 26, 2, 2
2018/3/10, , , 29, 5, 2
2018/3/11, , , 24, 9, 3
2018/3/12, , , 16, 6, 3
2018/3/13, , , 12, 5, 
2018/3/14, , , 29, 1, 1
2018/3/15, , , 34, 1, 1
2018/3/16, , , 32, 1, 1
2018/3/17, , , 34, 1, 1
2018/3/18, , , 33, 7, 1
2018/3/19, , , 28, 3, 1
2018/3/20, , , 29, 7, 2
2018/3/21, , , 31, 5, 1
2018/3/22, , , 30, 4, 1
2018/3/23, , , 31, 6, 1
2018/3/24, , , 21, 5, 2
2018/3/25, , , 20, 4, 1
2018/3/26, , , 26, 5, 1
2018/3/27, , , 32, 1, 1
2018/3/28, , , 36, 1, 1
2018/3/29, , , 35, 2, 1
2018/3/30, , , 34, 2, 1
2018/3/31, , , 35, 1, 1
2017/2/18, , , 20, 3, 2
2017/3/18, , , 30, 4, 1
2017/3/19, , , 26, 4, 1
2015/12/31, , , 10, 8, 2
2015/7/1, , , 31, 4, 1
2015/7/2, , , 28, 7, 1
2015/7/3, , , 49, 13, 1
2015/7/4, , , 58, 11, 1
2015/7/5, , , 58, 12, 1
2015/7/6, , , 45, 3, 1
2015/7/7, , , 40, 5, 1
2015/7/8, , , 38, 4, 1
2015/7/9, , , 24, 2, 1
2015/7/10, , , 29, 1, 1
2015/7/11, , , 29, 3, 1
2015/7/12, , , 33, 5, 1
2015/7/13, , , 29, 3, 1
2015/7/14, , , 30, 3, 1
2015/7/15, , , 28, 3, 1
2015/7/16, , , 32, 3, 1
2015/7/17, , , 29, 6, 1
2015/7/18, , , 36, 3, 1
2015/7/19, , , 32, 2, 1
2015/7/20, , , 35, 3, 1
2015/7/21, , , 31, 6, 1
2015/7/22, , , 41, 4, 1
2015/7/23, , , 32, 3, 1
2015/7/24, , , 34, 5, 1
2015/7/25, , , 36, 8, 1
2015/7/26, , , 31, 1, 1
2015/7/27, , , 33, 5, 1
2015/7/28, , , 30, 4, 1
2015/7/29, , , 34, 3, 1
2015/7/30, , , 31, 5, 1
2015/7/31, , , 30, 3, 1
2015/8/1, , , 34, 4, 1
2015/8/2, , , 42, 12, 1
2015/8/3, , , 47, 8, 1
2015/8/4, , , 47, 8, 1
2015/8/5, , , 37, 9, 1
2015/8/6, , , 40, 10, 1
2015/8/7, , , 34, 12, 1
2015/8/8, , , 31, 10, 1
2015/8/9, , , 37, 4, 1
2015/8/10, , , 32, 11, 1
2015/8/11, , , 35, 9, 1
2015/8/12, , , 32, 6, 1
2015/8/13, , , 30, 8, 
2015/8/14, , , 28, 6, 
2015/8/15, , , 35, 8, 
2015/8/16, , , 33, 6, 
2015/8/17, , , 31, 6, 
2015/8/18, , , 27, 5, 
2015/8/19, , , 33, 10, 
2015/8/20, , , 39, 9, 1
2015/8/21, , , 40, 12, 1
2015/8/22, , , 39, 8, 
2015/8/23, , , 35, 8, 
2015/8/24, , , 38, 8, 
2015/8/25, , , 37, 7, 3
2015/8/26, , , 30, 9, 2
2015/8/27, , , 36, 9, 1
2015/8/28, , , 37, 5, 1
2015/8/29, , , 34, 4, 1
2015/8/30, , , 28, 9, 1
2015/8/31, , , 27, 10, 1
2015/9/1, , , 28, 6, 1
2015/9/2, , , 33, 3, 1
2015/9/3, , , 30, 6, 1
2015/9/4, , , 32, 9, 1
2015/9/5, , , 28, 4, 1
2015/9/6, , , 28, 2, 1
2015/9/7, , , 25, 4, 1
2015/9/8, , , 24, 5, 1
2015/9/9, , , 25, 7, 1
2015/9/10, , , 23, 7, 1
2015/9/11, , , 31, 5, 1
2015/9/12, , , 29, 4, 1
2015/9/13, , , 23, 4, 1
2015/9/14, , , 30, 5, 1
2015/9/15, , , 27, 5, 1
2015/9/16, , , 27, 8, 1
2015/4/1, , , 34, 2, 1
2015/4/2, , , 36, 3, 1
2015/4/3, , , 34, 4, 1
2015/4/4, , , 31, 3, 1
2015/4/5, , , 35, 3, 1
2015/4/6, , , 33, 5, 1
2015/4/7, , , 32, 6, 1
2015/4/8, , , 31, 12, 1
2015/4/9, , , 32, 12, 1
2015/4/10, , , 33, 12, 1
2015/4/11, , , 39, 2, 1
2015/4/12, , , 35, 2, 1
2015/4/13, , , 36, 6, 1
2015/4/14, , , 31, 5, 1
2015/4/15, , , 35, 3, 1
2015/4/16, , , 36, 4, 1
2015/4/17, , , 35, 4, 1
2015/4/18, , , 39, 5, 1
2015/4/19, , , 35, 4, 1
2015/4/20, , , 41, 6, 1
2015/4/21, , , 37, 7, 1
2015/4/22, , , 35, 4, 1
2015/4/23, , , 30, 5, 1
2015/4/24, , , 32, 8, 1
2015/4/25, , , 36, 4, 1
2015/4/26, , , 32, 6, 1
2015/4/27, , , 30, 4, 1
2015/4/28, , , 34, 6, 1
2015/4/29, , , 29, 8, 1
2015/4/30, , , 32, 6, 1
2015/5/1, , , 38, 3, 1
2015/5/2, , , 39, 5, 1
2015/5/3, , , 41, 6, 1
2015/5/4, , , 37, 9, 1
2015/5/5, , , 39, 5, 1
2015/5/6, , , 37, 4, 1
2015/5/7, , , 34, 5, 1
2015/5/8, , , 38, 8, 1
2015/5/9, , , 34, 2, 1
2015/5/10, , , 37, 9, 1
2015/5/11, , , 36, 11, 1
2015/5/12, , , 40, 3, 1
2015/5/13, , , 35, 2, 1
2015/5/14, , , 40, 5, 1
2015/5/15, , , 33, 3, 1
2015/5/16, , , 37, 1, 1
2015/5/17, , , 36, 4, 1
2015/5/18, , , 37, 4, 1
2015/5/19, , , 34, 5, 1
2015/5/20, , , 37, 6, 1
2015/5/21, , , 36, 5, 1
2015/5/22, , , 44, 1, 1
2015/5/23, , , 36, 2, 1
2015/5/24, , , 36, 4, 1
2015/5/25, , , 32, 2, 2
2015/5/26, , , 30, 3, 1
2015/5/27, , , 31, 7, 1
2015/5/28, , , 32, 4, 1
2015/5/29, , , 36, 2, 1
2015/5/30, , , 33, 3, 1
2015/5/31, , , 35, 3, 1
2015/6/1, , , 32, 6, 1
2015/6/2, , , 26, 2, 1
2015/6/3, , , 33, 3, 1
2015/6/4, , , 37, 7, 1
2015/6/5, , , 38, 4, 1
2015/6/6, , , 43, 2, 1
2015/6/7, , , 34, 3, 1
2015/6/8, , , 33, 7, 1
2015/6/9, , , 32, 5, 1
2015/6/10, , , 43, 4, 1
2015/6/11, , , 29, 7, 1
2015/6/12, , , 32, 8, 1
2015/6/13, , , 53, 1, 1
2015/6/14, , , 36, 2, 
2015/6/15, , , 30, 3, 1
2015/6/16, , , 33, 5, 1
2015/6/17, , , 32, 4, 1
2015/6/18, , , 25, 3, 1
2015/6/19, , , 31, 2, 1
2015/6/20, , , 33, 1, 1
2015/6/21, , , 30, 7, 1
2015/6/22, , , 28, 6, 1
2015/6/23, , , 35, 4, 1
2015/6/24, , , 29, 3, 1
2015/6/25, , , 31, 3, 1
2015/6/26, , , 32, 9, 1
2015/6/27, , , 27, 3, 1
2015/6/28, , , 26, 4, 1
2015/6/29, , , 34, 2, 1
2015/6/30, , , 31, 6, 1
2015/1/1, , , 25, 3, 1
2015/1/2, , , 30, 3, 1
2015/1/3, , , 32, 3, 2
2015/1/4, , , 29, 18, 2
2015/1/5, , , 28, 10, 2
2015/1/6, , , 20, 10, 2
2015/1/7, , , 19, 9, 2
2015/1/8, , , 18, 3, 2
2015/1/9, , , 31, 2, 2
2015/1/10, , , 32, 1, 1
2015/1/11, , , 32, 6, 2
2015/1/12, , , 30, 9, 2
2015/1/13, , , 29, 9, 1
2015/1/14, , , 25, 8, 2
2015/1/15, , , 24, 5, 1
2015/1/16, , , 28, 6, 2
2015/1/17, , , 26, 7, 2
2015/1/18, , , 19, 11, 2
2015/1/19, , , 14, 10, 2
2015/1/20, , , 18, 10, 3
2015/1/21, , , 10, 16, 4
2015/1/22, , , 3, 10, 2
2015/1/23, , , 15, 7, 2
2015/1/24, , , 19, 10, 2
2015/1/25, , , 26, 11, 2
2015/1/26, , , 19, 7, 1
2015/1/27, , , 28, 8, 2
2015/1/28, , , 21, 5, 2
2015/1/29, , , 33, 9, 2
2015/1/30, , , 21, 5, 3
2015/1/31, , , 18, 4, 2
2015/2/1, , , 22, 8, 2
2015/2/2, , , 19, 8, 2
2015/2/3, , , 17, 8, 2
2015/2/4, , , 18, 11, 2
2015/2/5, , , 15, 15, 3
2015/2/6, , , 12, 3, 2
2015/2/7, , , 31, 2, 1
2015/2/8, , , 34, 7, 1
2015/2/9, , , 29, 9, 1
2015/2/10, , , 25, 8, 2
2015/2/11, , , 24, 10, 1
2015/2/12, , , 23, 8, 2
2015/2/13, , , 18, 7, 2
2015/2/14, , , 18, 2, 2
2015/2/15, , , 28, 5, 2
2015/2/16, , , 27, 10, 3
2015/2/17, , , 21, 8, 1
2015/2/18, , , 24, 12, 2
2015/2/19, , , 18, 11, 3
2015/2/20, , , 15, 10, 2
2015/2/21, , , 20, 3, 1
2015/2/22, , , 29, 8, 2
2015/2/23, , , 24, 9, 2
2015/2/24, , , 22, 8, 2
2015/2/25, , , 24, 14, 2
2015/2/26, , , 23, 13, 2
2015/2/27, , , 18, 6, 2
2015/2/28, , , , 6, 2
2015/3/1, , , , 7, 1
2015/3/2, , , , 6, 1
2015/3/3, , , , 10, 2
2015/3/4, , , 20, 8, 2
2015/3/5, , , 27, 5, 1
2015/3/6, , , 22, 6, 2
2015/3/7, , , 26, 8, 2
2015/3/8, , , 27, 9, 1
2015/3/9, , , 27, 6, 1
2015/3/10, , , 28, 6, 1
2015/3/11, , , 29, 13, 2
2015/3/12, , , 23, 6, 1
2015/3/13, , , 35, 4, 1
2015/3/14, , , 31, 4, 2
2015/3/15, , , 28, 6, 2
2015/3/16, , , 25, 7, 2
2015/3/17, , , 30, 8, 2
2015/3/18, , , 37, 14, 2
2015/3/19, , , 43, 14, 3
2015/3/20, , , 24, 3, 1
2015/3/21, , , 33, 2, 1
2015/3/22, , , 35, 6, 2
2015/3/23, , , 31, 11, 2
2015/3/24, , , 26, 11, 2
2015/3/25, , , 31, 12, 2
2015/3/26, , , 31, 18, 2
2015/3/27, , , 18, 6, 1
2015/3/28, , , 33, 4, 1
2015/3/29, , , 31, 4, 1
2015/3/30, , , 37, 5, 1
2015/3/31, , , 34, 3, 1
2014/10/1, , , 19, 16, 2
2014/10/2, , , 11, 16, 2
2014/10/3, , , 14, 5, 2
2014/10/4, , , 35, 4, 2
2014/10/5, , , 36, 4, 1
2014/10/6, , , 25, 6, 2
2014/10/7, , , 26, 5, 2
2014/10/8, , , 21, 7, 1
2014/10/9, , , 17, 7, 1
2014/10/10, , , 17, 9, 2
2014/10/11, , , 19, 6, 1
2014/10/12, , , 26, 11, 1
2014/10/13, , , 21, 5, 1
2014/10/14, , , 22, 6, 1
2014/10/15, , , 22, 9, 1
2014/10/16, , , 20, 8, 2
2014/10/17, , , 17, 4, 1
2014/10/18, , , 18, 6, 1
2014/10/19, , , 22, 5, 1
2014/10/20, , , 23, 9, 1
2014/10/21, , , 17, 6, 1
2014/10/22, , , 16, 5, 1
2014/10/23, , , 19, 7, 1
2014/10/24, , , 15, 6, 1
2014/10/25, , , 12, 4, 1
2014/10/26, , , 21, 6, 1
2014/10/27, , , 20, 9, 1
2014/10/28, , , 11, 14, 1
2014/10/29, , , 14, 20, 2
2014/10/30, , , 13, 14, 2
2014/10/31, , , 12, 12, 2
2014/11/1, , , 3, 9, 2
2014/11/2, , , 13, 7, 1
2014/11/3, , , 22, 10, 1
2014/11/4, , , 19, 6, 1
2014/11/5, , , 28, 8, 1
2014/11/6, , , 20, 12, 1
2014/11/7, , , 18, 7, 2
2014/11/8, , , 16, 7, 2
2014/11/9, , , 18, 10, 2
2014/11/10, , , 11, 11, 2
2014/11/11, , , 19, 3, 1
2014/11/12, , , 22, 4, 2
2014/11/13, , , 14, 6, 2
2014/11/14, , , 14, 3, 2
2014/11/15, , , 17, 2, 1
2014/11/16, , , 19, 4, 2
2014/11/17, , , 12, 3, 2
2014/11/18, , , 14, 4, 1
2014/11/19, , , 18, 6, 1
2014/11/20, , , 9, 7, 2
2014/11/21, , , 8, 5, 2
2014/11/22, , , 19, 5, 2
2014/11/23, , , 16, 9, 2
2014/11/24, , , 20, 19, 2
2014/11/25, , , 20, 11, 1
2014/11/26, , , 21, 7, 1
2014/11/27, , , 20, 5, 1
2014/11/28, , , 23, 3, 1
2014/11/29, , , 26, 3, 1
2014/11/30, , , 23, 6, 1
2014/12/1, , , 24, 7, 1
2014/12/2, , , 18, 8, 1
2014/12/3, , , 20, 7, 1
2014/12/4, , , 17, 10, 3
2014/12/5, , , 16, 11, 2
2014/12/6, , , 18, 6, 1
2014/12/7, , , 20, 11, 1
2014/12/8, , , 21, 9, 1
2014/12/9, , , 23, 7, 1
2014/12/10, , , 26, 5, 1
2014/12/11, , , 27, 6, 1
2014/12/12, , , 28, 4, 1
2014/12/13, , , 29, 5, 1
2014/12/14, , , 23, 9, 1
2014/12/15, , , 25, 8, 1
2014/12/16, , , 24, 9, 1
2014/12/17, , , 24, 11, 1
2014/12/18, , , 19, 6, 1
2014/12/19, , , 28, 2, 1
2014/12/20, , , 30, 3, 1
2014/12/21, , , 27, 5, 1
2014/12/22, , , 28, 6, 1
2014/12/23, , , 27, 4, 1
2014/12/24, , , 28, 2, 1
2014/12/25, , , 22, 11, 2
2014/12/26, , , 15, 9, 1
2014/12/27, , , 21, 9, 1
2014/12/28, , , 22, , 
2014/7/1, , , 32, 5, 1
2014/7/2, , , 34, 4, 1
2014/7/3, , , 36, 7, 1
2014/7/4, , , 72, 6, 1
2014/7/5, , , 55, 4, 1
2014/7/6, , , 35, 5, 1
2014/7/7, , , 32, 5, 1
2014/7/8, , , 43, 4, 1
2014/7/9, , , 39, 8, 1
2014/7/10, , , 30, 4, 1
2014/7/11, , , 31, 2, 
2014/7/12, , , 24, 2, 1
2014/7/13, , , 29, 6, 1
2014/7/14, , , 32, 4, 1
2014/7/15, , , 35, 3, 1
2014/7/16, , , 28, 11, 1
2014/7/17, , , 37, 10, 1
2014/7/18, , , 42, 7, 1
2014/7/19, , , 41, 9, 1
2014/7/20, , , 33, 3, 1
2014/7/21, , , 36, 4, 1
2014/7/22, , , 34, 4, 1
2014/7/23, , , 35, 4, 1
2014/7/24, , , 33, 5, 1
2014/7/25, , , 34, 6, 1
2014/7/26, , , 46, 6, 1
2014/7/27, , , 49, 9, 1
2014/7/28, , , 51, 5, 1
2014/7/29, , , 44, 6, 1
2014/7/30, , , 36, 4, 1
2014/7/31, , , 32, 6, 1
2014/8/1, , , 44, 3, 1
2014/8/2, , , 38, 3, 2
2014/8/3, , , 51, 6, 1
2014/8/4, , , 42, 5, 1
2014/8/5, , , 35, 8, 1
2014/8/6, , , 33, 10, 1
2014/8/7, , , 42, 9, 1
2014/8/8, , , 38, 4, 1
2014/8/9, , , 44, 5, 1
2014/8/10, , , 40, 3, 1
2014/8/11, , , 31, 3, 1
2014/8/12, , , 36, 4, 1
2014/8/13, , , 39, 6, 1
2014/8/14, , , 32, 5, 1
2014/8/15, , , 33, 3, 1
2014/8/16, , , 31, 3, 1
2014/8/17, , , 26, 3, 1
2014/8/18, , , 26, 3, 1
2014/8/19, , , 30, 4, 1
2014/8/20, , , 31, 4, 1
2014/8/21, , , 32, 5, 1
2014/8/22, , , 32, 3, 1
2014/8/23, , , 25, 3, 1
2014/8/27, , , 26, 1, 1
2014/8/28, , , 32, 4, 2
2014/8/29, , , 35, 7, 1
2014/8/30, , , 30, 6, 1
2014/8/31, , , 28, 4, 1
2014/9/1, , , 27, 5, 2
2014/9/2, , , 29, 12, 2
2014/9/3, , , 27, 5, 1
2014/9/4, , , 32, 6, 1
2014/9/5, , , 37, 4, 1
2014/9/6, , , 45, 8, 2
2014/9/7, , , 40, 6, 1
2014/9/8, , , 28, 5, 1
2014/9/9, , , 28, 6, 1
2014/9/10, , , 25, 5, 1
2014/9/11, , , 29, 7, 1
2014/9/12, , , 27, 5, 1
2014/9/13, , , 24, 2, 1
2014/9/14, , , 27, 2, 1
2014/9/15, , , 26, 4, 1
2014/9/16, , , 27, 4, 1
2014/9/17, , , 34, 6, 1
2014/9/18, , , 39, 9, 2
2014/9/19, , , 30, 7, 2
2014/9/20, , , 36, 5, 1
2014/9/21, , , 33, 3, 1
2014/9/22, , , 27, 8, 2
2014/9/23, , , 25, 6, 2
2014/9/24, , , 26, 6, 1
2014/9/25, , , 25, 7, 2
2014/9/26, , , 20, 3, 1
2014/9/27, , , 26, 5, 2
2014/9/28, , , 25, 12, 2
2014/9/29, , , 20, 9, 2
2014/9/30, , , 15, 9, 1
2014/4/1, , , 27, 6, 1
2014/4/2, , , 31, 5, 1
2014/4/3, , , 31, 4, 1
2014/4/4, , , 30, 6, 1
2014/4/5, , , 28, 8, 2
2014/4/6, , , 10, 7, 2
2014/4/7, , , 15, 8, 2
2014/4/8, , , 31, 2, 1
2014/4/9, , , 33, 7, 1
2014/4/10, , , 24, 11, 2
2014/4/11, , , 23, 7, 2
2014/4/12, , , 34, 2, 1
2014/4/13, , , 34, 4, 1
2014/4/14, , , 32, 3, 1
2014/4/15, , , 31, 8, 1
2014/4/16, , , 28, 6, 2
2014/4/17, , , 31, 3, 1
2014/4/18, , , 37, 4, 2
2014/4/19, , , 39, 3, 1
2014/4/20, , , 40, 4, 1
2014/4/21, , , 37, 6, 1
2014/4/22, , , 40, 5, 1
2014/4/23, , , 35, 4, 1
2014/4/24, , , 34, 8, 1
2014/4/25, , , 37, 5, 1
2014/4/26, , , 40, 5, 1
2014/4/27, , , 40, 13, 1
2014/4/28, , , 40, 13, 2
2014/4/29, , , 47, 11, 2
2014/4/30, , , 41, 4, 1
2014/5/1, , , 34, 6, 1
2014/5/2, , , 29, 4, 2
2014/5/3, , , 37, 2, 1
2014/5/4, , , 36, 8, 2
2014/5/5, , , 32, 7, 1
2014/5/6, , , 34, 13, 2
2014/5/7, , , 34, 6, 1
2014/5/8, , , 27, 8, 1
2014/5/9, , , 25, 4, 1
2014/5/10, , , 29, 3, 1
2014/5/11, , , 29, 6, 1
2014/5/12, , , 28, 5, 1
2014/5/13, , , 30, 8, 2
2014/5/14, , , 27, 8, 1
2014/5/15, , , 31, 3, 1
2014/5/16, , , 31, 5, 1
2014/5/17, , , 33, 5, 1
2014/5/18, , , 27, 6, 1
2014/5/19, , , 32, 10, 2
2014/5/20, , , 37, 11, 2
2014/5/21, , , 46, 8, 2
2014/5/22, , , 46, 10, 2
2014/5/23, , , 45, 4, 1
2014/5/24, , , 40, 4, 1
2014/5/25, , , 43, 8, 2
2014/5/26, , , 40, 6, 1
2014/5/27, , , 28, 4, 1
2014/5/28, , , 28, 1, 1
2014/5/29, , , 27, 3, 1
2014/5/30, , , 61, 2, 1
2014/5/31, , , 58, 3, 1
2014/6/1, , , 41, 9, 1
2014/6/2, , , 33, 9, 1
2014/6/3, , , 24, 9, 1
2014/6/4, , , 21, 7, 1
2014/6/5, , , 32, 6, 1
2014/6/6, , , 35, 7, 1
2014/6/7, , , 37, 10, 1
2014/6/8, , , 41, 5, 1
2014/6/9, , , 35, 8, 1
2014/6/10, , , 36, 14, 1
2014/6/11, , , 32, 3, 1
2014/6/12, , , 34, 2, 1
2014/6/13, , , 33, 2, 1
2014/6/14, , , 28, 9, 1
2014/6/15, , , 29, 7, 1
2014/6/16, , , 31, 6, 1
2014/6/17, , , 31, 5, 2
2014/6/18, , , 35, 4, 1
2014/6/19, , , 23, 5, 1
2014/6/20, , , 23, 2, 1
2014/6/21, , , 29, 2, 1
2014/6/22, , , 28, 3, 1
2014/6/23, , , 27, 5, 2
2014/6/24, , , 25, 6, 1
2014/6/25, , , 23, 9, 1
2014/6/26, , , 28, 8, 1
2014/6/27, , , 30, 4, 1
2014/6/28, , , 37, 6, 1
2014/6/29, , , 30, 3, 1
2014/6/30, , , 36, 4, 1
2014/1/1, , , 11, 8, 2
2014/1/2, , , 11, 8, 1
2014/1/3, , , 16, 6, 1
2014/1/4, , , 27, 6, 2
2014/1/5, , , 18, 8, 1
2014/1/6, , , 15, 7, 1
2014/1/7, , , 19, 7, 1
2014/1/8, , , 22, 8, 1
2014/1/9, , , 24, 4, 
2014/1/10, , , 24, 4, 1
2014/1/11, , , 25, 1, 1
2014/1/12, , , 27, 5, 1
2014/1/13, , , 16, 15, 2
2014/1/14, , , 5, 7, 2
2014/1/15, , , 18, 5, 1
2014/1/16, , , 21, 6, 2
2014/1/17, , , 15, 3, 1
2014/1/18, , , 14, 1, 1
2014/1/19, , , 22, 2, 1
2014/1/20, , , 20, 4, 1
2014/1/21, , , 27, 4, 1
2014/1/22, , , 27, 4, 1
2014/1/23, , , 27, 5, 1
2014/1/24, , , 25, 2, 1
2014/1/25, , , 27, 2, 1
2014/1/26, , , 27, 5, 2
2014/1/27, , , 21, 7, 3
2014/1/28, , , 19, 5, 1
2014/1/29, , , 17, 7, 2
2014/1/30, , , 19, 8, 3
2014/1/31, , , 18, 10, 4
2014/2/1, , , 10, 14, 3
2014/2/2, , , 5, 14, 3
2014/2/3, , , 7, 11, 3
2014/2/4, , , 13, 12, 3
2014/2/5, , , 17, 13, 2
2014/2/6, , , 11, 11, 2
2014/2/7, , , 18, 6, 1
2014/2/8, , , 21, 5, 1
2014/2/9, , , 25, 11, 1
2014/2/10, , , 22, 12, 2
2014/2/11, , , 17, 11, 1
2014/2/12, , , 15, 10, 2
2014/2/13, , , 16, 12, 2
2014/2/14, , , 15, 6, 1
2014/2/15, , , 22, 2, 1
2014/2/16, , , 25, 6, 1
2014/2/17, , , 23, 13, 2
2014/2/18, , , 10, 17, 2
2014/2/19, , , 4, 11, 2
2014/2/20, , , 12, 9, 2
2014/2/21, , , 22, 5, 1
2014/2/22, , , 18, 5, 1
2014/2/23, , , 21, 9, 2
2014/2/24, , , 25, 9, 2
2014/2/25, , , 19, 13, 3
2014/2/26, , , 13, 19, 3
2014/2/27, , , 4, 14, 4
2014/2/28, , , 9, , 
2014/3/3, , , 20, 8, 2
2014/3/4, , , 18, 9, 1
2014/3/5, , , 15, 11, 2
2014/3/6, , , 17, 11, 2
2014/3/7, , , 20, 3, 1
2014/3/8, , , 28, 8, 2
2014/3/9, , , 18, 12, 2
2014/3/10, , , 25, 11, 1
2014/3/11, , , 19, 14, 2
2014/3/12, , , 26, 12, 2
2014/3/13, , , 28, 5, 1
2014/3/14, , , 26, 1, 1
2014/3/15, , , 32, 1, 1
2014/3/16, , , 32, 3, 2
2014/3/17, , , 30, 4, 1
2014/3/18, , , 25, 5, 1
2014/3/19, , , 28, 7, 2
2014/3/20, , , 27, 6, 1
2014/3/21, , , 28, 5, 1
2014/3/22, , , 24, 4, 1
2014/3/23, , , 26, 10, 2
2014/3/24, , , 22, 8, 2
2014/3/25, , , 28, 5, 1
2014/3/26, , , 24, 10, 2
2014/3/27, , , 20, 7, 1
2014/3/28, , , 29, 7, 1
2014/3/29, , , 27, 10, 2
2014/3/30, , , 31, 12, 2
2014/3/31, , , 35, 4, 1
2025/7/12, , , , 1, 1
2024/12/31, , , , 1, 1
2024/7/7, , , , 1, 2
2024/9/21, , , , 1, 1
2021/2/14, , , , 8, 1
2020/6/1, , , , 2, 1
2019/12/31, , , , 2, 1
2020/2/16, , , , 2, 1
2019/11/3, , , , 2, 1
2019/8/24, , , , 5, 1
2019/9/15, , , , 1, 1
2018/12/31, , , , 1, 1
2019/3/5, , , , 9, 2
2018/12/5, , , , 10, 1
2017/12/31, , , , 2, 1
2014/12/31, , , , 4, 2
2014/8/24, , , , 5, 1
2014/8/25, , , , 7, 2
2014/8/26, , , , 7, 1
2013/12/31, , , , 8, 2
2014/3/2, , , , 7, 1